1,1,1,1,衣
1,1,1,1,鱼
1,1,1,1,雨
1,1,1,1,一
1,1,1,1,二
1,1,1,1,五
1,1,1,1,耳
1,1,1,1,牙
1,1,1,1,口
1,1,1,1,人
1,2,1,1,一
1,2,1,1,二
1,2,1,1,五
1,2,1,1,口
1,2,1,1,人
1,1,1,2,木
1,1,1,2,土
1,1,1,2,马
1,1,1,2,八
1,1,1,2,巴
1,1,1,2,你
1,1,1,2,我
1,1,1,2,也
1,1,1,2,他
1,1,1,2,弟
1,1,1,2,不
1,1,1,2,爸
1,1,1,2,她
1,1,1,2,妈
1,1,1,2,的
1,1,1,2,父
1,1,1,2,母
1,1,1,2,女
1,1,1,2,儿
1,2,1,2,木
1,2,1,2,土
1,2,1,2,八
1,2,1,2,也
1,2,1,2,不
1,2,1,2,女
1,2,1,2,儿
1,1,1,3,力
1,1,1,3,河
1,1,1,3,禾
1,1,1,3,立
1,1,1,3,米
1,1,1,3,合
1,1,1,3,气
1,1,1,3,和
1,1,1,3,哥
1,1,1,3,几
1,1,1,3,七
1,1,1,3,了
1,1,1,3,个
1,1,1,3,句
1,1,1,3,可
1,1,1,3,以
1,1,1,3,吗
1,1,1,3,去
1,2,1,3,力
1,2,1,3,禾
1,2,1,3,几
1,2,1,3,七
1,2,1,3,个
1,2,1,3,可
1,2,1,3,去
1,1,1,4,日
1,1,1,4,石
1,1,1,4,子
1,1,1,4,字
1,1,1,4,车
1,1,1,4,四
1,1,1,4,十
1,1,1,4,士
1,1,1,4,只
1,1,1,4,把
1,1,1,4,尺
1,1,1,4,是
1,1,1,4,书
1,1,1,4,出
1,1,1,4,自
1,1,1,4,己
1,1,1,4,它
1,1,1,4,吃
1,2,1,4,日
1,2,1,4,子
1,2,1,4,车
1,2,1,4,四
1,2,1,4,十
1,2,1,4,巴
1,2,1,4,士
1,2,1,4,只
1,1,1,5,山
1,1,1,5,羊
1,1,1,5,毛
1,1,1,5,草
1,1,1,5,太
1,1,1,5,阳
1,1,1,5,王
1,1,1,5,三
1,1,1,5,伞
1,1,1,5,包
1,1,1,5,老
1,1,1,5,师
1,1,1,5,早
1,1,1,5,安
1,1,1,5,半
1,1,1,5,午
1,1,1,5,奶
1,1,1,5,玩
1,1,1,5,具
1,2,1,5,山
1,2,1,5,羊
1,2,1,5,毛
1,2,1,5,王
1,2,1,5,三
1,2,1,5,书
1,2,1,5,早
1,2,1,5,午
1,1,1,6,鸟
1,1,1,6,竹
1,1,1,6,田
1,1,1,6,苗
1,1,1,6,象
1,1,1,6,家
1,1,1,6,刀
1,1,1,6,网
1,1,1,6,在
1,1,1,6,里
1,1,1,6,上
1,1,1,6,下
1,1,1,6,大
1,1,1,6,小
1,1,1,6,来
1,1,1,6,哭
1,1,1,6,笑
1,1,1,6,男
1,1,1,6,爷
1,1,1,6,姐
1,2,1,6,田
1,2,1,6,刀
1,2,1,6,在
1,2,1,6,上
1,2,1,6,下
1,2,1,6,大
1,2,1,6,小
1,2,1,6,来
1,1,1,7,果
1,1,1,7,开
1,1,1,7,瓜
1,1,1,7,火
1,1,1,7,花
1,1,1,7,叶
1,1,1,7,面
1,1,1,7,关
1,1,1,7,朵
1,1,1,7,两
1,1,1,7,片
1,1,1,7,画
1,1,1,7,笔
1,1,1,7,长
1,1,1,7,广
1,1,1,7,多
1,1,1,7,少
1,1,1,7,床
1,2,1,7,开
1,2,1,7,火
1,2,1,7,关
1,2,1,7,两
1,2,1,7,长
1,2,1,7,广
1,2,1,7,多
1,2,1,7,少
1,1,1,8,目
1,1,1,8,舌
1,1,1,8,手
1,1,1,8,足
1,1,1,8,本
1,1,1,8,工
1,1,1,8,厂
1,1,1,8,走
1,1,1,8,跑
1,1,1,8,飞
1,1,1,8,妹
1,1,1,8,门
1,1,1,8,看
1,1,1,8,见
1,1,1,8,问
1,1,1,8,又
1,1,1,8,头
1,1,1,8,们
1,1,1,8,身
1,1,1,8,体
1,2,1,8,目
1,2,1,8,手
1,2,1,8,本
1,2,1,8,工
1,2,1,8,门
1,2,1,8,见
1,2,1,8,又
1,2,1,8,头
1,1,1,9,牛
1,1,1,9,井
1,1,1,9,虫
1,1,1,9,弓
1,1,1,9,贝
1,1,1,9,心
1,1,1,9,豆
1,1,1,9,六
1,1,1,9,支
1,1,1,9,条
1,1,1,9,九
1,1,1,9,粒
1,1,1,9,今
1,1,1,9,什
1,1,1,9,么
1,1,1,9,华
1,1,1,9,文
1,1,1,9,点
1,1,1,9,说
1,1,1,9,语
1,2,1,9,牛
1,2,1,9,贝
1,2,1,9,六
1,2,1,9,支
1,2,1,9,九
1,2,1,9,什
1,2,1,9,么
1,2,1,9,文
1,1,1,10,月
1,1,1,10,天
1,1,1,10,地
1,1,1,10,风
1,1,1,10,雷
1,1,1,10,电
1,1,1,10,水
1,1,1,10,寸
1,1,1,10,方
1,1,1,10,正
1,1,1,10,反
1,1,1,10,白
1,1,1,10,好
1,1,1,10,坏
1,1,1,10,对
1,1,1,10,古
1,1,1,10,旧
1,1,1,10,有
1,1,1,10,没
1,1,1,10,云
1,2,1,10,月
1,2,1,10,天
1,2,1,10,水
1,2,1,10,寸
1,2,1,10,正
1,2,1,10,反
1,2,1,10,白
1,2,1,10,古
1,1,1,11,甲
1,1,1,11,丁
1,1,1,11,前
1,1,1,11,后
1,1,1,11,左
1,1,1,11,右
1,1,1,11,中
1,1,1,11,间
1,1,1,11,边
1,1,1,11,同
1,1,1,11,学
1,1,1,11,朋
1,1,1,11,友
1,1,1,11,坐
1,1,1,11,高
1,1,1,11,发
1,1,1,11,直
1,1,1,11,起
1,1,1,11,回
1,1,1,11,周
1,1,1,11,末
1,2,1,11,后
1,2,1,11,左
1,2,1,11,右
1,2,1,11,中
1,2,1,11,间
1,2,1,11,面
1,2,1,11,的
1,2,1,11,同
1,2,1,11,学
1,2,1,11,画
1,2,1,11,回
1,1,1,12,鸡
1,1,1,12,饭
1,1,1,12,鸭
1,1,1,12,元
1,1,1,12,饿
1,1,1,12,饱
1,1,1,12,饼
1,1,1,12,干
1,1,1,12,狗
1,1,1,12,喜
1,1,1,12,欢
1,1,1,12,肉
1,1,1,12,猫
1,1,1,12,采
1,1,1,12,歌
1,1,1,12,唱
1,1,1,12,青
1,1,1,12,菜
1,1,1,12,汤
1,1,1,12,蛋
1,1,1,12,香
1,2,1,12,包
1,2,1,12,半
1,2,1,12,元
1,2,1,12,吃
1,2,1,12,干
1,2,1,12,肉
1,2,1,12,虫
1,2,1,12,今
1,2,1,12,米
1,2,1,12,豆
1,1,1,13,用
1,1,1,13,刷
1,1,1,13,巾
1,1,1,13,抹
1,1,1,13,洗
1,1,1,13,要
1,1,1,13,脸
1,1,1,13,放
1,1,1,13,冲
1,1,1,13,凉
1,1,1,13,东
1,1,1,13,西
1,1,1,13,到
1,1,1,13,先
1,1,1,13,请
1,1,1,13,很
1,1,1,13,泡
1,1,1,13,变
1,1,1,13,谢
1,2,1,13,用
1,2,1,13,牙
1,2,1,13,巾
1,2,1,13,以
1,2,1,13,要
1,2,1,13,东
1,2,1,13,西
1,2,1,13,雨
1,2,1,13,马
1,2,1,13,先
1,2,1,13,点
1,1,1,14,这
1,1,1,14,双
1,1,1,14,袜
1,1,1,14,那
1,1,1,14,皮
1,1,1,14,鞋
1,1,1,14,件
1,1,1,14,服
1,1,1,14,被
1,1,1,14,还
1,1,1,14,色
1,1,1,14,红
1,1,1,14,都
1,1,1,14,动
1,1,1,14,作
1,1,1,14,快
1,1,1,14,收
1,1,1,14,拾
1,1,1,14,穿
1,1,1,14,事
1,1,1,14,做
1,2,1,14,是
1,2,1,14,皮
1,2,1,14,衣
1,2,1,14,和
1,2,1,14,里
1,2,1,14,尺
1,2,1,14,还
1,2,1,14,自
1,2,1,14,己
1,2,1,14,好
1,1,1,15,甜
1,1,1,15,苦
1,1,1,15,臭
1,1,1,15,生
1,1,1,15,重
1,1,1,15,喝
1,1,1,15,甘
1,1,1,15,汁
1,1,1,15,买
1,1,1,15,斤
1,1,1,15,串
1,1,1,15,弯
1,1,1,15,选
1,1,1,15,最
1,1,1,15,抱
1,1,1,15,拿
1,1,1,15,办
1,1,1,15,法
1,1,1,15,圆
1,1,1,15,切
1,1,1,15,怎
1,2,1,15,生
1,2,1,15,果
1,2,1,15,汁
1,2,1,15,买
1,2,1,15,斤
1,2,1,15,它
1,2,1,15,办
1,2,1,15,法
1,2,1,15,看
1,1,1,16,扫
1,1,1,16,户
1,1,1,16,桌
1,1,1,16,椅
1,1,1,16,兄
1,1,1,16,房
1,1,1,16,阿
1,1,1,16,叔
1,1,1,16,会
1,1,1,16,写
1,1,1,16,啊
1,1,1,16,完
1,1,1,16,业
1,1,1,16,躲
1,1,1,16,进
1,1,1,16,净
1,1,1,16,谁
1,1,1,16,打
1,1,1,16,听
1,1,1,16,声
1,2,1,16,父
1,2,1,16,母
1,2,1,16,她
1,2,1,16,他
1,2,1,16,会
1,2,1,16,你
1,2,1,16,们
1,2,1,16,爸
1,2,1,16,妈
1,2,1,16,打
1,1,1,17,昨
1,1,1,17,晚
1,1,1,17,星
1,1,1,17,明
1,1,1,17,庆
1,1,1,17,祝
1,1,1,17,节
1,1,1,17,爱
1,1,1,17,给
1,1,1,17,国
1,1,1,17,乐
1,1,1,17,课
1,1,1,17,台
1,1,1,17,讲
1,1,1,17,故
1,1,1,17,每
1,1,1,17,童
1,1,1,17,因
1,1,1,17,为
1,2,1,17,昨
1,2,1,17,明
1,2,1,17,给
1,2,1,17,快
1,2,1,17,乐
1,2,1,17,没
1,2,1,17,有
1,2,1,17,这
1,2,1,17,老
1,2,1,17,师
1,2,1,17,每
1,1,1,18,兔
1,1,1,18,尾
1,1,1,18,短
1,1,1,18,眼
1,1,1,18,睛
1,1,1,18,爪
1,1,1,18,尖
1,1,1,18,物
1,1,1,18,虎
1,1,1,18,狮
1,1,1,18,园
1,1,1,18,期
1,1,1,18,带
1,1,1,18,黑
1,1,1,18,站
1,1,1,18,叫
1,1,1,18,认
1,1,1,18,话
1,1,1,18,再
1,1,1,18,孩
1,2,1,18,爪
1,2,1,18,尖
1,2,1,18,气
1,2,1,18,玩
1,2,1,18,我
1,2,1,18,弟
1,2,1,18,妹
1,2,1,18,站
1,2,1,18,叫
1,2,1,18,再
1,1,1,19,组
1,1,1,19,屋
1,1,1,19,公
1,1,1,19,校
1,1,1,19,场
1,1,1,19,商
1,1,1,19,店
1,1,1,19,梯
1,1,1,19,扶
1,1,1,19,常
1,1,1,19,球
1,1,1,19,步
1,1,1,19,图
1,1,1,19,习
1,1,1,19,伙
1,1,1,19,伴
1,1,1,19,游
1,1,1,19,拍
1,1,1,19,兴
1,1,1,19,戏
1,2,1,19,公
1,2,1,19,园
1,2,1,19,姐
1,2,1,19,哥
1,2,1,19,习
1,2,1,19,起
1,2,1,19,到
1,2,1,19,高
1,2,1,19,兴
1,2,1,19,心
1,1,7,1,衣
1,1,7,1,鱼
1,1,7,1,雨
1,1,7,1,一
1,1,7,1,二
1,1,7,1,五
1,1,7,1,耳
1,1,7,1,牙
1,1,7,1,口
1,1,7,1,人
1,2,7,1,一
1,2,7,1,二
1,2,7,1,五
1,2,7,1,口
1,2,7,1,人
1,1,7,2,木
1,1,7,2,土
1,1,7,2,马
1,1,7,2,八
1,1,7,2,巴
1,1,7,2,你
1,1,7,2,我
1,1,7,2,也
1,1,7,2,他
1,1,7,2,弟
1,1,7,2,不
1,1,7,2,爸
1,1,7,2,她
1,1,7,2,妈
1,1,7,2,的
1,1,7,2,父
1,1,7,2,母
1,1,7,2,女
1,1,7,2,儿
1,2,7,2,木
1,2,7,2,土
1,2,7,2,马
1,2,7,2,八
1,2,7,2,也
1,2,7,2,不
1,2,7,2,女
1,2,7,2,儿
1,1,7,3,力
1,1,7,3,河
1,1,7,3,禾
1,1,7,3,立
1,1,7,3,米
1,1,7,3,合
1,1,7,3,气
1,1,7,3,和
1,1,7,3,哥
1,1,7,3,几
1,1,7,3,七
1,1,7,3,了
1,1,7,3,个
1,1,7,3,句
1,1,7,3,可
1,1,7,3,以
1,1,7,3,吗
1,1,7,3,去
1,2,7,3,力
1,2,7,3,禾
1,2,7,3,立
1,2,7,3,几
1,2,7,3,七
1,2,7,3,个
1,2,7,3,可
1,2,7,3,去
1,1,7,4,日
1,1,7,4,石
1,1,7,4,子
1,1,7,4,字
1,1,7,4,车
1,1,7,4,四
1,1,7,4,十
1,1,7,4,士
1,1,7,4,只
1,1,7,4,把
1,1,7,4,尺
1,1,7,4,是
1,1,7,4,书
1,1,7,4,出
1,1,7,4,自
1,1,7,4,己
1,1,7,4,它
1,1,7,4,吃
1,2,7,4,日
1,2,7,4,石
1,2,7,4,子
1,2,7,4,车
1,2,7,4,四
1,2,7,4,十
1,2,7,4,巴
1,2,7,4,士
1,2,7,4,只
1,2,7,4,尺
1,1,7,5,山
1,1,7,5,羊
1,1,7,5,毛
1,1,7,5,草
1,1,7,5,太
1,1,7,5,阳
1,1,7,5,王
1,1,7,5,三
1,1,7,5,伞
1,1,7,5,包
1,1,7,5,老
1,1,7,5,师
1,1,7,5,早
1,1,7,5,安
1,1,7,5,半
1,1,7,5,午
1,1,7,5,奶
1,1,7,5,玩
1,1,7,5,具
1,2,7,5,山
1,2,7,5,羊
1,2,7,5,毛
1,2,7,5,王
1,2,7,5,三
1,2,7,5,书
1,2,7,5,包
1,2,7,5,早
1,2,7,5,午
1,1,7,6,鸟
1,1,7,6,竹
1,1,7,6,田
1,1,7,6,苗
1,1,7,6,象
1,1,7,6,家
1,1,7,6,刀
1,1,7,6,网
1,1,7,6,在
1,1,7,6,里
1,1,7,6,上
1,1,7,6,下
1,1,7,6,大
1,1,7,6,小
1,1,7,6,来
1,1,7,6,哭
1,1,7,6,笑
1,1,7,6,男
1,1,7,6,爷
1,1,7,6,姐
1,2,7,6,竹
1,2,7,6,田
1,2,7,6,刀
1,2,7,6,网
1,2,7,6,在
1,2,7,6,上
1,2,7,6,下
1,2,7,6,大
1,2,7,6,小
1,2,7,6,来
1,1,7,7,果
1,1,7,7,开
1,1,7,7,瓜
1,1,7,7,火
1,1,7,7,花
1,1,7,7,叶
1,1,7,7,面
1,1,7,7,关
1,1,7,7,朵
1,1,7,7,两
1,1,7,7,片
1,1,7,7,画
1,1,7,7,笔
1,1,7,7,长
1,1,7,7,广
1,1,7,7,多
1,1,7,7,少
1,1,7,7,床
1,2,7,7,开
1,2,7,7,火
1,2,7,7,花
1,2,7,7,面
1,2,7,7,关
1,2,7,7,两
1,2,7,7,长
1,2,7,7,广
1,2,7,7,多
1,2,7,7,少
1,1,7,8,目
1,1,7,8,舌
1,1,7,8,手
1,1,7,8,足
1,1,7,8,本
1,1,7,8,工
1,1,7,8,厂
1,1,7,8,走
1,1,7,8,跑
1,1,7,8,飞
1,1,7,8,妹
1,1,7,8,门
1,1,7,8,看
1,1,7,8,见
1,1,7,8,问
1,1,7,8,又
1,1,7,8,头
1,1,7,8,们
1,1,7,8,身
1,1,7,8,体
1,2,7,8,目
1,2,7,8,手
1,2,7,8,本
1,2,7,8,工
1,2,7,8,走
1,2,7,8,飞
1,2,7,8,门
1,2,7,8,见
1,2,7,8,又
1,2,7,8,头
1,1,7,9,牛
1,1,7,9,井
1,1,7,9,虫
1,1,7,9,弓
1,1,7,9,贝
1,1,7,9,心
1,1,7,9,豆
1,1,7,9,六
1,1,7,9,支
1,1,7,9,条
1,1,7,9,九
1,1,7,9,粒
1,1,7,9,今
1,1,7,9,什
1,1,7,9,么
1,1,7,9,华
1,1,7,9,文
1,1,7,9,点
1,1,7,9,说
1,1,7,9,语
1,2,7,9,牛
1,2,7,9,井
1,2,7,9,虫
1,2,7,9,贝
1,2,7,9,六
1,2,7,9,支
1,2,7,9,九
1,2,7,9,什
1,2,7,9,么
1,2,7,9,文
1,1,7,10,月
1,1,7,10,天
1,1,7,10,地
1,1,7,10,风
1,1,7,10,雷
1,1,7,10,电
1,1,7,10,水
1,1,7,10,寸
1,1,7,10,方
1,1,7,10,正
1,1,7,10,反
1,1,7,10,白
1,1,7,10,好
1,1,7,10,坏
1,1,7,10,对
1,1,7,10,古
1,1,7,10,旧
1,1,7,10,有
1,1,7,10,没
1,1,7,10,云
1,2,7,10,月
1,2,7,10,天
1,2,7,10,水
1,2,7,10,寸
1,2,7,10,方
1,2,7,10,正
1,2,7,10,反
1,2,7,10,白
1,2,7,10,古
1,2,7,10,云
1,1,7,11,甲
1,1,7,11,丁
1,1,7,11,前
1,1,7,11,后
1,1,7,11,左
1,1,7,11,右
1,1,7,11,中
1,1,7,11,间
1,1,7,11,边
1,1,7,11,同
1,1,7,11,学
1,1,7,11,朋
1,1,7,11,友
1,1,7,11,坐
1,1,7,11,高
1,1,7,11,发
1,1,7,11,直
1,1,7,11,起
1,1,7,11,回
1,1,7,11,周
1,1,7,11,末
1,2,7,11,后
1,2,7,11,左
1,2,7,11,右
1,2,7,11,中
1,2,7,11,间
1,2,7,11,的
1,2,7,11,同
1,2,7,11,学
1,2,7,11,朋
1,2,7,11,友
1,2,7,11,坐
1,2,7,11,画
1,2,7,11,回
1,1,7,12,鸡
1,1,7,12,饭
1,1,7,12,鸭
1,1,7,12,元
1,1,7,12,饿
1,1,7,12,饱
1,1,7,12,饼
1,1,7,12,干
1,1,7,12,狗
1,1,7,12,喜
1,1,7,12,欢
1,1,7,12,肉
1,1,7,12,猫
1,1,7,12,采
1,1,7,12,歌
1,1,7,12,唱
1,1,7,12,青
1,1,7,12,菜
1,1,7,12,汤
1,1,7,12,蛋
1,1,7,12,香
1,2,7,12,半
1,2,7,12,元
1,2,7,12,吃
1,2,7,12,干
1,2,7,12,肉
1,2,7,12,鱼
1,2,7,12,妈
1,2,7,12,今
1,2,7,12,米
1,2,7,12,青
1,2,7,12,豆
1,2,7,12,香
1,1,7,13,用
1,1,7,13,刷
1,1,7,13,巾
1,1,7,13,抹
1,1,7,13,洗
1,1,7,13,要
1,1,7,13,脸
1,1,7,13,放
1,1,7,13,冲
1,1,7,13,凉
1,1,7,13,东
1,1,7,13,西
1,1,7,13,到
1,1,7,13,先
1,1,7,13,请
1,1,7,13,很
1,1,7,13,泡
1,1,7,13,变
1,1,7,13,谢
1,2,7,13,用
1,2,7,13,牙
1,2,7,13,巾
1,2,7,13,以
1,2,7,13,要
1,2,7,13,冲
1,2,7,13,凉
1,2,7,13,东
1,2,7,13,西
1,2,7,13,雨
1,2,7,13,说
1,2,7,13,先
1,2,7,13,点
1,1,7,14,这
1,1,7,14,双
1,1,7,14,袜
1,1,7,14,那
1,1,7,14,皮
1,1,7,14,鞋
1,1,7,14,件
1,1,7,14,服
1,1,7,14,被
1,1,7,14,还
1,1,7,14,色
1,1,7,14,红
1,1,7,14,都
1,1,7,14,动
1,1,7,14,作
1,1,7,14,快
1,1,7,14,收
1,1,7,14,拾
1,1,7,14,穿
1,1,7,14,事
1,1,7,14,做
1,2,7,14,是
1,2,7,14,皮
1,2,7,14,衣
1,2,7,14,和
1,2,7,14,里
1,2,7,14,还
1,2,7,14,色
1,2,7,14,红
1,2,7,14,自
1,2,7,14,己
1,2,7,14,起
1,2,7,14,好
1,1,7,15,甜
1,1,7,15,苦
1,1,7,15,臭
1,1,7,15,生
1,1,7,15,重
1,1,7,15,喝
1,1,7,15,甘
1,1,7,15,汁
1,1,7,15,买
1,1,7,15,斤
1,1,7,15,串
1,1,7,15,弯
1,1,7,15,选
1,1,7,15,最
1,1,7,15,抱
1,1,7,15,拿
1,1,7,15,办
1,1,7,15,法
1,1,7,15,圆
1,1,7,15,切
1,1,7,15,怎
1,2,7,15,生
1,2,7,15,果
1,2,7,15,汁
1,2,7,15,买
1,2,7,15,斤
1,2,7,15,它
1,2,7,15,抱
1,2,7,15,拿
1,2,7,15,办
1,2,7,15,法
1,2,7,15,圆
1,2,7,15,看
1,1,7,16,扫
1,1,7,16,户
1,1,7,16,桌
1,1,7,16,椅
1,1,7,16,兄
1,1,7,16,房
1,1,7,16,阿
1,1,7,16,叔
1,1,7,16,会
1,1,7,16,写
1,1,7,16,啊
1,1,7,16,完
1,1,7,16,业
1,1,7,16,躲
1,1,7,16,进
1,1,7,16,净
1,1,7,16,谁
1,1,7,16,打
1,1,7,16,听
1,1,7,16,声
1,2,7,16,扫
1,2,7,16,地
1,2,7,16,兄
1,2,7,16,父
1,2,7,16,母
1,2,7,16,她
1,2,7,16,他
1,2,7,16,会
1,2,7,16,你
1,2,7,16,们
1,2,7,16,爸
1,2,7,16,打
1,1,7,17,昨
1,1,7,17,晚
1,1,7,17,星
1,1,7,17,明
1,1,7,17,庆
1,1,7,17,祝
1,1,7,17,节
1,1,7,17,爱
1,1,7,17,给
1,1,7,17,国
1,1,7,17,乐
1,1,7,17,课
1,1,7,17,台
1,1,7,17,讲
1,1,7,17,故
1,1,7,17,每
1,1,7,17,童
1,1,7,17,因
1,1,7,17,为
1,2,7,17,昨
1,2,7,17,明
1,2,7,17,节
1,2,7,17,给
1,2,7,17,快
1,2,7,17,乐
1,2,7,17,没
1,2,7,17,有
1,2,7,17,这
1,2,7,17,老
1,2,7,17,师
1,1,7,18,兔
1,1,7,18,尾
1,1,7,18,短
1,1,7,18,眼
1,1,7,18,睛
1,1,7,18,爪
1,1,7,18,尖
1,1,7,18,物
1,1,7,18,虎
1,1,7,18,狮
1,1,7,18,园
1,1,7,18,期
1,1,7,18,带
1,1,7,18,黑
1,1,7,18,站
1,1,7,18,叫
1,1,7,18,认
1,1,7,18,话
1,1,7,18,再
1,1,7,18,孩
1,2,7,18,爪
1,2,7,18,尖
1,2,7,18,动
1,2,7,18,物
1,2,7,18,气
1,2,7,18,园
1,2,7,18,玩
1,2,7,18,我
1,2,7,18,弟
1,2,7,18,妹
1,2,7,18,站
1,2,7,18,叫
1,2,7,18,再
1,1,7,19,组
1,1,7,19,屋
1,1,7,19,公
1,1,7,19,校
1,1,7,19,场
1,1,7,19,商
1,1,7,19,店
1,1,7,19,梯
1,1,7,19,扶
1,1,7,19,常
1,1,7,19,球
1,1,7,19,步
1,1,7,19,图
1,1,7,19,习
1,1,7,19,伙
1,1,7,19,伴
1,1,7,19,游
1,1,7,19,拍
1,1,7,19,兴
1,1,7,19,戏
1,2,7,19,公
1,2,7,19,校
1,2,7,19,姐
1,2,7,19,常
1,2,7,19,球
1,2,7,19,跑
1,2,7,19,步
1,2,7,19,哥
1,2,7,19,习
1,2,7,19,到
1,2,7,19,高
1,2,7,19,兴
1,2,7,19,心
1,2,2,1,外
1,2,2,1,亲
1,2,2,1,兄
1,2,2,1,合
1,2,2,1,很
1,2,2,1,出
1,2,2,1,对
1,2,2,1,年
1,2,2,1,专
1,2,2,1,听
1,2,2,2,平
1,2,2,2,全
1,2,2,2,家
1,2,2,2,花
1,2,2,2,时
1,2,2,2,龙
1,2,2,2,拿
1,2,2,2,说
1,2,2,2,身
1,2,2,2,体
1,2,2,2,业
1,2,2,3,杯
1,2,2,3,送
1,2,2,3,主
1,2,2,3,汽
1,2,2,3,把
1,2,2,3,朋
1,2,2,3,友
1,2,2,3,耳
1,2,2,3,舌
1,2,2,3,各
1,2,2,3,非
1,2,2,3,常
1,2,2,4,片
1,2,2,4,林
1,2,2,4,色
1,2,2,4,共
1,2,2,4,页
1,2,2,4,太
1,2,2,4,阳
1,2,2,4,云
1,2,2,4,朵
1,2,2,4,红
1,2,2,5,音
1,2,2,5,边
1,2,2,5,向
1,2,2,5,足
1,2,2,5,往
1,2,2,5,运
1,2,2,5,动
1,2,2,5,奶
1,2,2,5,从
1,2,2,5,笑
1,2,2,6,坐
1,2,2,6,校
1,2,2,6,走
1,2,2,6,行
1,2,2,6,才
1,2,2,6,安
1,2,2,6,光
1,2,2,6,美
1,2,2,6,丽
1,2,2,6,跑
1,2,2,7,饭
1,2,2,7,青
1,2,2,7,星
1,2,2,7,期
1,2,2,7,香
1,2,2,7,进
1,2,2,7,物
1,2,2,7,分
1,2,2,7,完
1,2,2,8,爷
1,2,2,8,卖
1,2,2,8,种
1,2,2,8,员
1,2,2,8,发
1,2,2,8,坏
1,2,2,8,抓
1,2,2,8,怕
1,2,2,8,房
1,2,2,8,住
1,2,2,9,乌
1,2,2,9,电
1,2,2,9,闪
1,2,2,9,风
1,2,2,9,带
1,2,2,9,伞
1,2,2,9,放
1,2,2,9,问
1,2,2,9,忘
1,2,2,9,记
1,2,2,10,飞
1,2,2,10,鱼
1,2,2,10,请
1,2,2,10,鸟
1,2,2,10,叶
1,2,2,10,捉
1,2,2,10,地
1,2,2,10,方
1,2,2,10,喜
1,2,2,10,欢
1,1,2,1,外
1,1,2,1,美
1,1,2,1,丑
1,1,2,1,新
1,1,2,1,卖
1,1,2,1,加
1,1,2,1,亲
1,1,2,1,过
1,1,2,1,现
1,1,2,1,些
1,1,2,1,适
1,1,2,1,试
1,1,2,1,年
1,1,2,1,读
1,1,2,1,级
1,1,2,1,班
1,1,2,1,折
1,1,2,1,帮
1,1,2,1,专
1,1,2,1,助
1,1,2,2,吉
1,1,2,2,利
1,1,2,2,岁
1,1,2,2,平
1,1,2,2,余
1,1,2,2,全
1,1,2,2,除
1,1,2,2,贴
1,1,2,2,福
1,1,2,2,时
1,1,2,2,表
1,1,2,2,演
1,1,2,2,舞
1,1,2,2,龙
1,1,2,2,婆
1,1,2,2,拜
1,1,2,2,着
1,1,2,2,您
1,1,2,2,接
1,1,2,2,卷
1,1,2,2,真
1,1,2,3,碗
1,1,2,3,盘
1,1,2,3,叉
1,1,2,3,筷
1,1,2,3,杯
1,1,2,3,壶
1,1,2,3,客
1,1,2,3,送
1,1,2,3,主
1,1,2,3,递
1,1,2,3,汽
1,1,2,3,忙
1,1,2,3,骨
1,1,2,3,伸
1,1,2,3,尝
1,1,2,3,原
1,1,2,3,各
1,1,2,3,定
1,1,2,3,第
1,1,2,3,捉
1,1,2,3,非
1,1,2,4,棵
1,1,2,4,树
1,1,2,4,剪
1,1,2,4,排
1,1,2,4,林
1,1,2,4,形
1,1,2,4,角
1,1,2,4,然
1,1,2,4,拉
1,1,2,4,森
1,1,2,4,从
1,1,2,4,众
1,1,2,4,颜
1,1,2,4,共
1,1,2,4,页
1,1,2,4,空
1,1,2,4,彩
1,1,2,4,蓝
1,1,2,4,绿
1,1,2,4,黄
1,1,2,4,想
1,1,2,5,音
1,1,2,5,室
1,1,2,5,哪
1,1,2,5,顶
1,1,2,5,楼
1,1,2,5,术
1,1,2,5,旁
1,1,2,5,向
1,1,2,5,就
1,1,2,5,往
1,1,2,5,转
1,1,2,5,操
1,1,2,5,运
1,1,2,5,路
1,1,2,5,远
1,1,2,5,迷
1,1,2,5,坡
1,1,2,5,久
1,1,2,5,答
1,1,2,5,已
1,1,2,5,经
1,1,2,6,骑
1,1,2,6,脚
1,1,2,6,踏
1,1,2,6,应
1,1,2,6,该
1,1,2,6,行
1,1,2,6,桥
1,1,2,6,等
1,1,2,6,停
1,1,2,6,才
1,1,2,6,灯
1,1,2,6,亮
1,1,2,6,邻
1,1,2,6,居
1,1,2,6,互
1,1,2,6,相
1,1,2,6,光
1,1,2,6,照
1,1,2,6,丽
1,1,2,6,极
1,1,2,7,茶
1,1,2,7,糖
1,1,2,7,炒
1,1,2,7,油
1,1,2,7,炸
1,1,2,7,冰
1,1,2,7,温
1,1,2,7,咖
1,1,2,7,啡
1,1,2,7,队
1,1,2,7,找
1,1,2,7,座
1,1,2,7,位
1,1,2,7,特
1,1,2,7,别
1,1,2,7,餐
1,1,2,7,闻
1,1,2,7,味
1,1,2,7,食
1,1,2,7,分
1,1,2,7,懂
1,1,2,8,医
1,1,2,8,病
1,1,2,8,护
1,1,2,8,顾
1,1,2,8,贩
1,1,2,8,教
1,1,2,8,种
1,1,2,8,姨
1,1,2,8,员
1,1,2,8,消
1,1,2,8,防
1,1,2,8,灾
1,1,2,8,灭
1,1,2,8,保
1,1,2,8,抓
1,1,2,8,怕
1,1,2,8,建
1,1,2,8,住
1,1,2,9,阴
1,1,2,9,晴
1,1,2,9,湿
1,1,2,9,冷
1,1,2,9,热
1,1,2,9,暗
1,1,2,9,乌
1,1,2,9,闪
1,1,2,9,刮
1,1,2,9,记
1,1,2,9,得
1,1,2,9,窗
1,1,2,9,忘
1,1,2,9,急
1,1,2,9,铃
1,1,2,9,响
1,1,2,9,摸
1,1,2,9,淋
1,1,2,9,呢
1,1,2,10,蚂
1,1,2,10,蚁
1,1,2,10,爬
1,2,8,1,外
1,2,8,1,丑
1,2,8,1,加
1,2,8,1,亲
1,2,8,1,现
1,2,8,1,合
1,2,8,1,很
1,2,8,1,出
1,2,8,1,对
1,2,8,1,年
1,2,8,1,专
1,2,8,1,听
1,2,8,2,新
1,2,8,2,吉
1,2,8,2,岁
1,2,8,2,平
1,2,8,2,全
1,2,8,2,家
1,2,8,2,时
1,2,8,2,龙
1,2,8,2,祝
1,2,8,2,您
1,2,8,2,身
1,2,8,2,体
1,2,8,2,业
1,2,8,2,真
1,2,8,3,杯
1,2,8,3,送
1,2,8,3,主
1,2,8,3,汽
1,2,8,3,把
1,2,8,3,请
1,2,8,3,耳
1,2,8,3,舌
1,2,8,3,各
1,2,8,3,爱
1,2,8,3,草
1,2,8,3,第
1,2,8,3,非
1,2,8,4,棵
1,2,8,4,树
1,2,8,4,排
1,2,8,4,片
1,2,8,4,林
1,2,8,4,角
1,2,8,4,共
1,2,8,4,页
1,2,8,4,空
1,2,8,4,太
1,2,8,4,阳
1,2,8,4,朵
1,2,8,4,笔
1,2,8,5,音
1,2,8,5,边
1,2,8,5,向
1,2,8,5,足
1,2,8,5,往
1,2,8,5,运
1,2,8,5,奶
1,2,8,5,远
1,2,8,5,从
1,2,8,5,直
1,2,8,5,笑
1,2,8,5,已
1,2,8,5,经
1,2,8,6,行
1,2,8,6,才
1,2,8,6,灯
1,2,8,6,亮
1,2,8,6,互
1,2,8,6,相
1,2,8,6,安
1,2,8,6,旁
1,2,8,6,光
1,2,8,6,美
1,2,8,6,丽
1,2,8,6,想
1,2,8,7,茶
1,2,8,7,饭
1,2,8,7,队
1,2,8,7,找
1,2,8,7,位
1,2,8,7,星
1,2,8,7,期
1,2,8,7,进
1,2,8,7,分
1,2,8,7,完
1,2,8,7,收
1,2,8,7,拾
1,2,8,8,爷
1,2,8,8,卖
1,2,8,8,教
1,2,8,8,种
1,2,8,8,员
1,2,8,8,发
1,2,8,8,灭
1,2,8,8,坏
1,2,8,8,都
1,2,8,8,抓
1,2,8,8,怕
1,2,8,8,房
1,2,8,8,住
1,2,8,9,冷
1,2,8,9,乌
1,2,8,9,电
1,2,8,9,闪
1,2,8,9,风
1,2,8,9,刮
1,2,8,9,带
1,2,8,9,伞
1,2,8,9,放
1,2,8,9,急
1,2,8,9,问
1,2,8,9,孩
1,2,8,9,忘
1,2,8,9,记
1,2,8,10,爬
1,2,8,10,枝
1,2,8,10,跳
1,2,8,10,眼
1,2,8,10,睛
1,2,8,10,鸟
1,2,8,10,叶
1,2,8,10,帮
1,2,8,10,捉
1,2,8,10,甜
1,2,8,10,喜
1,2,8,10,欢
1,1,8,1,外
1,1,8,1,美
1,1,8,1,丑
1,1,8,1,新
1,1,8,1,卖
1,1,8,1,加
1,1,8,1,亲
1,1,8,1,过
1,1,8,1,现
1,1,8,1,些
1,1,8,1,适
1,1,8,1,试
1,1,8,1,年
1,1,8,1,读
1,1,8,1,级
1,1,8,1,班
1,1,8,1,折
1,1,8,1,帮
1,1,8,1,专
1,1,8,1,助
1,1,8,2,吉
1,1,8,2,利
1,1,8,2,岁
1,1,8,2,平
1,1,8,2,余
1,1,8,2,全
1,1,8,2,除
1,1,8,2,贴
1,1,8,2,福
1,1,8,2,时
1,1,8,2,表
1,1,8,2,演
1,1,8,2,舞
1,1,8,2,龙
1,1,8,2,婆
1,1,8,2,拜
1,1,8,2,着
1,1,8,2,您
1,1,8,2,接
1,1,8,2,卷
1,1,8,2,真
1,1,8,3,碗
1,1,8,3,盘
1,1,8,3,叉
1,1,8,3,筷
1,1,8,3,杯
1,1,8,3,壶
1,1,8,3,客
1,1,8,3,送
1,1,8,3,主
1,1,8,3,递
1,1,8,3,汽
1,1,8,3,忙
1,1,8,3,骨
1,1,8,3,伸
1,1,8,3,尝
1,1,8,3,原
1,1,8,3,各
1,1,8,3,定
1,1,8,3,第
1,1,8,3,捉
1,1,8,3,非
1,1,8,4,棵
1,1,8,4,树
1,1,8,4,剪
1,1,8,4,排
1,1,8,4,林
1,1,8,4,形
1,1,8,4,角
1,1,8,4,然
1,1,8,4,拉
1,1,8,4,森
1,1,8,4,从
1,1,8,4,众
1,1,8,4,颜
1,1,8,4,共
1,1,8,4,页
1,1,8,4,空
1,1,8,4,彩
1,1,8,4,蓝
1,1,8,4,绿
1,1,8,4,黄
1,1,8,4,想
1,1,8,5,音
1,1,8,5,室
1,1,8,5,哪
1,1,8,5,顶
1,1,8,5,楼
1,1,8,5,术
1,1,8,5,旁
1,1,8,5,向
1,1,8,5,就
1,1,8,5,往
1,1,8,5,转
1,1,8,5,操
1,1,8,5,运
1,1,8,5,路
1,1,8,5,远
1,1,8,5,迷
1,1,8,5,坡
1,1,8,5,久
1,1,8,5,答
1,1,8,5,已
1,1,8,5,经
1,1,8,6,骑
1,1,8,6,脚
1,1,8,6,踏
1,1,8,6,应
1,1,8,6,该
1,1,8,6,行
1,1,8,6,桥
1,1,8,6,等
1,1,8,6,停
1,1,8,6,才
1,1,8,6,灯
1,1,8,6,亮
1,1,8,6,邻
1,1,8,6,居
1,1,8,6,互
1,1,8,6,相
1,1,8,6,光
1,1,8,6,照
1,1,8,6,丽
1,1,8,6,极
1,1,8,7,茶
1,1,8,7,糖
1,1,8,7,炒
1,1,8,7,油
1,1,8,7,炸
1,1,8,7,冰
1,1,8,7,温
1,1,8,7,咖
1,1,8,7,啡
1,1,8,7,队
1,1,8,7,找
1,1,8,7,座
1,1,8,7,位
1,1,8,7,特
1,1,8,7,别
1,1,8,7,餐
1,1,8,7,闻
1,1,8,7,味
1,1,8,7,食
1,1,8,7,分
1,1,8,7,懂
1,1,8,8,医
1,1,8,8,病
1,1,8,8,护
1,1,8,8,顾
1,1,8,8,贩
1,1,8,8,教
1,1,8,8,种
1,1,8,8,姨
1,1,8,8,员
1,1,8,8,消
1,1,8,8,防
1,1,8,8,灾
1,1,8,8,灭
1,1,8,8,保
1,1,8,8,抓
1,1,8,8,怕
1,1,8,8,建
1,1,8,8,住
1,1,8,9,阴
1,1,8,9,晴
1,1,8,9,湿
1,1,8,9,冷
1,1,8,9,热
1,1,8,9,暗
1,1,3,1,科
1,1,3,1,将
1,1,3,1,当
1,1,3,1,司
1,1,3,1,希
1,1,3,1,望
1,1,3,1,军
1,1,3,1,卫
1,1,3,1,练
1,1,3,1,努
1,1,3,1,愿
1,1,3,1,实
1,1,3,1,篇
1,1,3,1,复
1,1,3,1,取
1,1,3,1,举
1,1,3,1,翻
1,1,3,1,页
1,2,3,1,当
1,2,3,1,为
1,2,3,1,练
1,2,3,1,习
1,2,3,1,努
1,2,3,1,记
1,2,3,1,总
1,2,3,1,实
1,2,3,1,现
1,2,3,1,件
1,2,3,1,样
1,2,3,1,读
1,1,3,2,姓
1,1,3,2,陈
1,1,3,2,名
1,1,3,2,胖
1,1,3,2,瘦
1,1,3,2,李
1,1,3,2,矮
1,1,3,2,姨
1,1,3,2,趣
1,1,3,2,意
1,1,3,2,思
1,1,3,2,卷
1,1,3,2,强
1,1,3,2,壮
1,1,3,2,福
1,1,3,2,猪
1,1,3,2,题
1,1,3,2,退
1,2,3,2,姓
1,2,3,2,陈
1,2,3,2,名
1,2,3,2,胖
1,2,3,2,李
1,2,3,2,帮
1,2,3,2,叔
1,2,3,2,脸
1,2,3,2,些
1,2,3,2,信
1,2,3,2,定
1,1,3,3,辆
1,1,3,3,形
1,1,3,3,按
1,1,3,3,盖
1,1,3,3,吸
1,1,3,3,管
1,1,3,3,钟
1,1,3,3,伙
1,1,3,3,伴
1,1,3,3,背
1,1,3,3,颜
1,1,3,3,角
1,1,3,3,睡
1,1,3,3,准
1,1,3,3,改
1,1,3,3,迟
1,1,3,3,惯
1,1,3,3,陪
1,2,3,3,蓝
1,2,3,3,闹
1,2,3,3,钟
1,2,3,3,伙
1,2,3,3,伴
1,2,3,3,背
1,2,3,3,表
1,2,3,3,角
1,2,3,3,旁
1,2,3,3,睡
1,2,3,3,改
1,2,3,3,掉
1,2,3,3,迟
1,1,3,4,化
1,1,3,4,芽
1,1,3,4,细
1,1,3,4,根
1,1,3,4,健
1,1,3,4,康
1,1,3,4,越
1,1,3,4,粗
1,1,3,4,幼
1,1,3,4,摆
1,1,3,4,腿
1,1,3,4,乌
1,1,3,4,龟
1,1,3,4,喊
1,1,3,4,披
1,1,3,4,短
1,1,3,4,蛙
1,2,3,4,绿
1,2,3,4,化
1,2,3,4,细
1,2,3,4,根
1,2,3,4,越
1,2,3,4,粗
1,2,3,4,黑
1,2,3,4,条
1,2,3,4,哪
1,2,3,4,短
1,2,3,4,孩
1,2,3,4,已
1,2,3,4,经
1,1,3,5,展
1,1,3,5,傍
1,1,3,5,逛
1,1,3,5,尝
1,1,3,5,或
1,1,3,5,者
1,1,3,5,脑
1,1,3,5,艺
1,1,3,5,号
1,1,3,5,刚
1,1,3,5,附
1,1,3,5,近
1,1,3,5,付
1,1,3,5,束
1,1,3,5,鲜
1,1,3,5,贴
1,1,3,5,备
1,2,3,5,傍
1,2,3,5,或
1,2,3,5,者
1,2,3,5,球
1,2,3,5,爷
1,2,3,5,课
1,2,3,5,号
1,2,3,5,跟
1,2,3,5,扫
1,2,3,5,呢
1,2,3,5,收
1,2,3,5,准
1,2,3,5,备
1,1,3,6,扔
1,1,3,6,错
1,1,3,6,推
1,1,3,6,撞
1,1,3,6,谅
1,1,3,6,弄
1,1,3,6,破
1,1,3,6,系
1,1,3,6,紧
1,1,3,6,突
1,1,3,6,及
1,1,3,6,倒
1,1,3,6,理
1,1,3,6,跌
1,1,3,6,受
1,1,3,6,刻
1,1,3,6,扶
1,2,3,6,应
1,2,3,6,该
1,2,3,6,错
1,2,3,6,原
1,2,3,6,谅
1,2,3,6,校
1,2,3,6,及
1,2,3,6,怎
1,2,3,6,受
1,2,3,6,扶
1,2,3,6,谢
1,1,3,7,赶
1,1,3,7,留
1,1,3,7,便
1,1,3,7,赔
1,1,3,7,邻
1,1,3,7,居
1,1,3,7,盆
1,1,3,7,镜
1,1,3,7,溜
1,1,3,7,休
1,1,3,7,息
1,1,3,7,视
1,1,3,7,轻
1,1,3,7,脱
1,1,3,7,鞋
1,1,3,7,搬
1,1,3,7,碰
1,1,3,7,板
1,2,3,7,赶
1,2,3,7,张
1,2,3,7,留
1,2,3,7,便
1,2,3,7,病
1,2,3,7,休
1,2,3,7,息
1,2,3,7,轻
1,2,3,7,椅
1,2,3,7,板
1,2,3,7,乖
1,1,3,8,盘
1,1,3,8,需
1,1,3,8,硬
1,1,3,8,贺
1,1,3,8,线
1,1,3,8,部
1,1,3,8,涂
1,1,3,8,挂
1,1,3,8,求
1,1,3,8,晒
1,1,3,8,反
1,1,3,8,伸
1,1,3,8,歪
1,1,3,8,乱
1,1,3,8,累
1,1,3,8,汗
1,2,3,8,需
1,2,3,8,纸
1,2,3,8,穿
1,2,3,8,然
1,2,3,8,接
1,2,3,8,折
1,2,3,8,服
1,2,3,8,求
1,2,3,8,重
1,2,3,8,乱
1,2,3,8,容
1,2,3,8,易
1,1,3,9,熊
1,1,3,9,鼻
1,1,3,9,救
1,1,3,9,法
1,1,3,9,竹
1,1,3,9,往
1,1,3,9,升
1,1,3,9,称
1,1,3,9,古
1,1,3,9,官
1,1,3,9,墙
1,1,3,9,沉
1,1,3,9,装
1,1,3,9,量
1,1,3,9,夸
1,1,3,9,神
1,2,3,9,象
1,2,3,9,鼻
1,2,3,9,河
1,2,3,9,法
1,2,3,9,停
1,2,3,9,往
1,2,3,9,满
1,2,3,9,像
1,2,3,9,考
1,2,3,9,拉
1,2,3,9,船
1,2,3,9,夸
1,2,3,9,童
1,1,3,10,垃
1,1,3,10,圾
1,1,3,10,引
1,1,3,10,蚊
1,1,3,10,环
1,1,3,10,境
1,1,3,10,脏
1,1,3,10,厕
1,1,3,10,所
1,1,3,10,臭
1,1,3,10,清
1,1,3,10,仔
1,1,3,10,招
1,1,3,10,呼
1,1,3,10,决
1,1,3,10,惊
1,2,3,10,扔
1,2,3,10,因
1,2,3,10,破
1,2,3,10,护
1,2,3,10,脏
1,2,3,10,拾
1,2,3,10,臭
1,2,3,10,周
1,2,3,10,末
1,2,3,10,决
1,2,3,10,摘
1,2,3,10,追
1,1,3,11,浪
1,1,3,11,费
1,1,3,11,使
1,1,3,11,袋
1,1,3,11,废
1,1,3,11,利
1,1,3,11,瓶
1,1,3,11,箱
1,1,3,11,超
1,1,3,11,品
1,1,3,11,如
1,1,3,11,购
1,1,3,11,尽
1,1,3,11,份
1,2,3,11,认
1,2,3,11,浪
1,2,3,11,费
1,2,3,11,保
1,2,3,11,报
1,2,3,11,物
1,2,3,11,情
1,2,3,11,期
1,2,3,11,盒
1,2,3,11,付
1,2,3,11,钱
1,2,3,11,如
1,1,3,12,设
1,1,3,12,计
1,1,3,12,虎
1,1,3,12,各
1,1,3,12,喷
1,1,3,12,岸
1,1,3,12,野
1,1,3,12,踏
1,1,3,12,旗
1,1,3,12,颗
1,1,3,12,印
1,1,3,12,度
1,1,3,12,竖
1,1,3,12,拇
1,1,3,12,谜
1,1,3,12,奋
1,2,3,12,亮
1,2,3,12,晶
1,2,3,12,狮
1,2,3,12,虎
1,2,3,12,各
1,2,3,12,活
1,2,3,12,海
1,2,3,12,岸
1,2,3,12,庆
1,2,3,12,礼
1,2,3,12,唱
1,2,3,12,歌
1,2,3,12,奋
1,1,3,13,养
1,1,3,13,虾
1,1,3,13,湖
1,1,3,13,狼
1,1,3,13,洞
1,1,3,13,沿
1,1,3,13,滩
1,1,3,13,丛
1,1,3,13,顶
1,1,3,13,必
1,1,3,13,须
1,1,3,13,讨
1,1,3,13,论
1,1,3,13,任
1,1,3,13,务
1,1,3,13,虽
1,1,3,13,仍
1,2,3,13,池
1,2,3,13,虾
1,2,3,13,森
1,2,3,13,爬
1,2,3,13,桥
1,2,3,13,竹
1,2,3,13,沿
1,2,3,13,找
1,2,3,13,组
1,2,3,13,第
1,2,3,13,忙
1,2,3,13,忘
1,2,3,13,虽
1,1,3,14,滑
1,1,3,14,软
1,1,3,14,灰
1,1,3,14,嘴
1,1,3,14,胡
1,1,3,14,圈
1,1,3,14,喂
1,1,3,14,萝
1,1,3,14,卜
1,1,3,14,散
1,1,3,14,却
1,1,3,14,咬
1,1,3,14,断
1,1,3,14,斤
1,1,3,14,够
1,1,3,14,肚
1,1,3,14,躺
1,1,3,14,慢
1,2,3,14,兔
1,2,3,14,眼
1,2,3,14,睛
1,2,3,14,圆
1,2,3,14,灰
1,2,3,14,饿
1,2,3,14,散
1,2,3,14,步
1,2,3,14,尾
1,2,3,14,咬
1,2,3,14,肚
1,2,3,14,慢
1,1,3,15,偷
1,1,3,15,堂
1,1,3,15,吓
1,1,3,15,逃
1,1,3,15,痛
1,1,3,15,冒
1,1,3,15,抖
1,1,3,15,蜜
1,1,3,15,蜂
1,1,3,15,假
1,1,3,15,简
1,1,3,15,单
1,1,3,15,忍
1,1,3,15,钻
1,1,3,15,敢
1,2,3,15,候
1,2,3,15,堂
1,2,3,15,吓
1,2,3,15,冒
1,2,3,15,冷
1,2,3,15,汗
1,2,3,15,丛
1,2,3,15,谁
1,2,3,15,参
1,2,3,15,桌
1,2,3,15,交
1,2,3,15,作
1,2,3,15,哈
1,1,3,16,欺
1,1,3,16,负
1,1,3,16,宠
1,1,3,16,俩
1,1,3,16,舞
1,1,3,16,吹
1,1,3,16,轮
1,1,3,16,数
1,1,3,16,吴
1,1,3,16,代
1,1,3,16,替
1,1,3,16,传
1,1,3,16,念
1,1,3,16,抬
1,2,3,16,欺
1,2,3,16,负
1,2,3,16,俩
1,2,3,16,吹
1,2,3,16,泡
1,2,3,16,结
1,2,3,16,却
1,2,3,16,识
1,2,3,16,念
1,2,3,16,低
1,2,3,16,敢
1,2,3,16,抬
1,1,3,17,裙
1,1,3,17,咖
1,1,3,17,啡
1,1,3,17,藏
1,1,3,17,底
1,1,3,17,失
1,1,3,17,铁
1,1,3,17,金
1,1,3,17,签
1,1,3,17,百
1,1,3,17,消
1,1,3,17,万
1,1,3,17,千
1,1,3,17,减
1,1,3,17,算
1,1,3,17,检
1,1,3,17,查
1,2,3,17,油
1,2,3,17,弄
1,2,3,17,倒
1,2,3,17,失
1,2,3,17,金
1,2,3,17,试
1,2,3,17,卷
1,2,3,17,百
1,2,3,17,等
1,2,3,17,万
1,2,3,17,千
1,1,9,1,科
1,1,9,1,将
1,1,9,1,当
1,1,9,1,司
1,1,9,1,希
1,1,9,1,望
1,1,9,1,军
1,1,9,1,卫
1,1,9,1,练
1,1,9,1,努
1,1,9,1,愿
1,1,9,1,实
1,1,9,1,篇
1,1,9,1,复
1,1,9,1,取
1,1,9,1,举
1,1,9,1,翻
1,1,9,1,页
1,2,9,1,当
1,2,9,1,希
1,2,9,1,望
1,2,9,1,为
1,2,9,1,保
1,2,9,1,卫
1,2,9,1,练
1,2,9,1,努
1,2,9,1,愿
1,2,9,1,记
1,2,9,1,总
1,2,9,1,实
1,2,9,1,第
1,2,9,1,举
1,2,9,1,样
1,2,9,1,读
1,1,9,2,姓
1,1,9,2,陈
1,1,9,2,名
1,1,9,2,胖
1,1,9,2,瘦
1,1,9,2,李
1,1,9,2,矮
1,1,9,2,姨
1,1,9,2,趣
1,1,9,2,意
1,1,9,2,思
1,1,9,2,卷
1,1,9,2,强
1,1,9,2,壮
1,1,9,2,福
1,1,9,2,猪
1,1,9,2,题
1,1,9,2,退
1,2,9,2,姓
1,2,9,2,陈
1,2,9,2,名
1,2,9,2,胖
1,2,9,2,李
1,2,9,2,懂
1,2,9,2,聪
1,2,9,2,叔
1,2,9,2,意
1,2,9,2,思
1,2,9,2,卷
1,2,9,2,强
1,2,9,2,壮
1,2,9,2,些
1,2,9,2,信
1,2,9,2,定
1,1,9,3,辆
1,1,9,3,形
1,1,9,3,按
1,1,9,3,盖
1,1,9,3,吸
1,1,9,3,管
1,1,9,3,钟
1,1,9,3,伙
1,1,9,3,伴
1,1,9,3,背
1,1,9,3,颜
1,1,9,3,角
1,1,9,3,睡
1,1,9,3,准
1,1,9,3,改
1,1,9,3,迟
1,1,9,3,惯
1,1,9,3,陪
1,2,9,3,蓝
1,2,9,3,盒
1,2,9,3,形
1,2,9,3,按
1,2,9,3,钟
1,2,9,3,伙
1,2,9,3,伴
1,2,9,3,背
1,2,9,3,表
1,2,9,3,颜
1,2,9,3,角
1,2,9,3,睡
1,2,9,3,改
1,2,9,3,掉
1,2,9,3,迟
1,2,9,3,陪
1,1,9,4,化
1,1,9,4,芽
1,1,9,4,细
1,1,9,4,根
1,1,9,4,健
1,1,9,4,康
1,1,9,4,越
1,1,9,4,粗
1,1,9,4,幼
1,1,9,4,摆
1,1,9,4,腿
1,1,9,4,乌
1,1,9,4,龟
1,1,9,4,喊
1,1,9,4,披
1,1,9,4,短
1,1,9,4,蛙
1,2,9,4,绿
1,2,9,4,化
1,2,9,4,细
1,2,9,4,根
1,2,9,4,越
1,2,9,4,粗
1,2,9,4,找
1,2,9,4,黑
1,2,9,4,尾
1,2,9,4,哪
1,2,9,4,连
1,2,9,4,忙
1,2,9,4,短
1,2,9,4,眼
1,2,9,4,睛
1,2,9,4,孩
1,1,9,5,展
1,1,9,5,傍
1,1,9,5,逛
1,1,9,5,尝
1,1,9,5,或
1,1,9,5,者
1,1,9,5,脑
1,1,9,5,艺
1,1,9,5,号
1,1,9,5,刚
1,1,9,5,附
1,1,9,5,近
1,1,9,5,付
1,1,9,5,束
1,1,9,5,鲜
1,1,9,5,贴
1,1,9,5,备
1,2,9,5,参
1,2,9,5,观
1,2,9,5,傍
1,2,9,5,脚
1,2,9,5,或
1,2,9,5,者
1,2,9,5,爷
1,2,9,5,号
1,2,9,5,跟
1,2,9,5,附
1,2,9,5,近
1,2,9,5,付
1,2,9,5,情
1,2,9,5,呢
1,2,9,5,准
1,2,9,5,备
1,1,9,6,扔
1,1,9,6,错
1,1,9,6,推
1,1,9,6,撞
1,1,9,6,谅
1,1,9,6,弄
1,1,9,6,破
1,1,9,6,系
1,1,9,6,紧
1,1,9,6,突
1,1,9,6,及
1,1,9,6,倒
1,1,9,6,理
1,1,9,6,跌
1,1,9,6,受
1,1,9,6,刻
1,1,9,6,扶
1,2,9,6,错
1,2,9,6,撞
1,2,9,6,原
1,2,9,6,谅
1,2,9,6,弄
1,2,9,6,破
1,2,9,6,突
1,2,9,6,及
1,2,9,6,倒
1,2,9,6,爬
1,2,9,6,谁
1,2,9,6,跌
1,2,9,6,受
1,2,9,6,扶
1,2,9,6,谢
1,1,9,7,赶
1,1,9,7,留
1,1,9,7,便
1,1,9,7,赔
1,1,9,7,邻
1,1,9,7,居
1,1,9,7,盆
1,1,9,7,镜
1,1,9,7,溜
1,1,9,7,休
1,1,9,7,息
1,1,9,7,视
1,1,9,7,轻
1,1,9,7,脱
1,1,9,7,鞋
1,1,9,7,搬
1,1,9,7,碰
1,1,9,7,板
1,2,9,7,赶
1,2,9,7,阿
1,2,9,7,姨
1,2,9,7,留
1,2,9,7,便
1,2,9,7,赔
1,2,9,7,病
1,2,9,7,休
1,2,9,7,息
1,2,9,7,视
1,2,9,7,轻
1,2,9,7,脱
1,2,9,7,搬
1,2,9,7,碰
1,2,9,7,板
1,1,9,8,盘
1,1,9,8,需
1,1,9,8,硬
1,1,9,8,贺
1,1,9,8,线
1,1,9,8,部
1,1,9,8,涂
1,1,9,8,挂
1,1,9,8,求
1,1,9,8,晒
1,1,9,8,反
1,1,9,8,伸
1,1,9,8,歪
1,1,9,8,乱
1,1,9,8,累
1,1,9,8,汗
1,2,9,8,彩
1,2,9,8,需
1,2,9,8,块
1,2,9,8,穿
1,2,9,8,圆
1,2,9,8,部
1,2,9,8,接
1,2,9,8,始
1,2,9,8,整
1,2,9,8,齐
1,2,9,8,求
1,2,9,8,重
1,2,9,8,乱
1,2,9,8,汗
1,2,9,8,容
1,2,9,8,易
1,1,9,9,熊
1,1,9,9,鼻
1,1,9,9,救
1,1,9,9,法
1,1,9,9,竹
1,1,9,9,往
1,1,9,9,升
1,1,9,9,称
1,1,9,9,古
1,1,9,9,官
1,1,9,9,墙
1,1,9,9,沉
1,1,9,9,装
1,1,9,9,量
1,1,9,9,夸
1,1,9,9,神
1,2,9,9,象
1,2,9,9,鼻
1,2,9,9,河
1,2,9,9,救
1,2,9,9,法
1,2,9,9,停
1,2,9,9,往
1,2,9,9,满
1,2,9,9,升
1,2,9,9,像
1,2,9,9,考
1,2,9,9,答
1,2,9,9,拉
1,2,9,9,船
1,2,9,9,量
1,2,9,9,夸
1,2,9,9,童
1,1,9,10,垃
1,1,9,10,圾
1,1,9,10,引
1,1,9,10,蚊
1,1,9,10,环
1,1,9,10,境
1,1,9,10,脏
1,1,9,10,厕
1,1,9,10,所
1,1,9,10,臭
1,1,9,10,清
1,1,9,10,仔
1,1,9,10,招
1,1,9,10,呼
1,1,9,10,决
1,1,9,10,惊
1,2,9,10,扔
1,2,9,10,垃
1,2,9,10,圾
1,2,9,10,因
1,2,9,10,引
1,2,9,10,蚊
1,2,9,10,脏
1,2,9,10,臭
1,2,9,10,清
1,2,9,10,周
1,2,9,10,末
1,2,9,10,决
1,2,9,10,摘
1,2,9,10,转
1,2,9,10,离
1,2,9,10,追
1,1,9,11,浪
1,1,9,11,费
1,1,9,11,使
1,1,9,11,袋
1,1,9,11,废
1,1,9,11,利
1,1,9,11,瓶
1,1,9,11,箱
1,1,9,11,超
1,1,9,11,品
1,1,9,11,如
1,1,9,11,购
1,1,9,11,尽
1,1,9,11,份
1,2,9,11,认
1,2,9,11,浪
1,2,9,11,费
1,2,9,11,环
1,2,9,11,袋
1,2,9,11,报
1,2,9,11,瓶
1,2,9,11,箱
1,2,9,11,期
1,2,9,11,桶
1,2,9,11,装
1,2,9,11,超
1,2,9,11,品
1,2,9,11,钱
1,2,9,11,如
1,2,9,11,购
1,1,9,12,设
1,1,9,12,计
1,1,9,12,虎
1,1,9,12,各
1,1,9,12,喷
1,1,9,12,岸
1,1,9,12,野
1,1,9,12,踏
1,1,9,12,旗
1,1,9,12,颗
1,1,9,12,印
1,1,9,12,度
1,1,9,12,竖
1,1,9,12,拇
1,1,9,12,谜
1,1,9,12,奋
1,2,9,12,晶
1,2,9,12,狮
1,2,9,12,虎
1,2,9,12,各
1,2,9,12,海
1,2,9,12,岸
1,2,9,12,骑
1,2,9,12,踏
1,2,9,12,旗
1,2,9,12,弯
1,2,9,12,颗
1,2,9,12,唱
1,2,9,12,贴
1,2,9,12,谜
1,2,9,12,猜
1,2,9,12,奋
1,1,9,13,养
1,1,9,13,虾
1,1,9,13,湖
1,1,9,13,狼
1,1,9,13,洞
1,1,9,13,沿
1,1,9,13,滩
1,1,9,13,丛
1,1,9,13,顶
1,1,9,13,必
1,1,9,13,须
1,1,9,13,讨
1,1,9,13,论
1,1,9,13,任
1,1,9,13,务
1,1,9,13,虽
1,1,9,13,仍
1,2,9,13,养
1,2,9,13,虾
1,2,9,13,湖
1,2,9,13,森
1,2,9,13,熊
1,2,9,13,洞
1,2,9,13,竹
1,2,9,13,沿
1,2,9,13,丛
1,2,9,13,组
1,2,9,13,拍
1,2,9,13,照
1,2,9,13,讨
1,2,9,13,论
1,2,9,13,急
1,2,9,13,忘
1,2,9,13,虽
1,1,9,14,滑
1,1,9,14,软
1,1,9,14,灰
1,1,9,14,嘴
1,1,9,14,胡
1,1,9,14,圈
1,1,9,14,喂
1,1,9,14,萝
1,1,9,14,卜
1,1,9,14,散
1,1,9,14,却
1,1,9,14,咬
1,1,9,14,断
1,1,9,14,斤
1,1,9,14,够
1,1,9,14,肚
1,1,9,14,躺
1,1,9,14,慢
1,2,9,14,兔
1,2,9,14,滑
1,2,9,14,软
1,2,9,14,灰
1,2,9,14,嘴
1,2,9,14,饿
1,2,9,14,喂
1,2,9,14,散
1,2,9,14,步
1,2,9,14,咬
1,2,9,14,断
1,2,9,14,趣
1,2,9,14,挖
1,2,9,14,肚
1,2,9,14,躺
1,2,9,14,慢
1,1,9,15,偷
1,1,9,15,堂
1,1,9,15,吓
1,1,9,15,逃
1,1,9,15,痛
1,1,9,15,冒
1,1,9,15,抖
1,1,9,15,蜜
1,1,9,15,蜂
1,1,9,15,假
1,1,9,15,简
1,1,9,15,单
1,1,9,15,忍
1,1,9,15,钻
1,1,9,15,敢
1,2,9,15,偷
1,2,9,15,窗
1,2,9,15,堂
1,2,9,15,吓
1,2,9,15,腿
1,2,9,15,逃
1,2,9,15,冒
1,2,9,15,冷
1,2,9,15,抖
1,2,9,15,假
1,2,9,15,简
1,2,9,15,单
1,2,9,15,座
1,2,9,15,交
1,2,9,15,作
1,2,9,15,哈
1,1,9,16,欺
1,1,9,16,负
1,1,9,16,宠
1,1,9,16,俩
1,1,9,16,舞
1,1,9,16,吹
1,1,9,16,轮
1,1,9,16,数
1,1,9,16,吴
1,1,9,16,代
1,1,9,16,替
1,1,9,16,传
1,1,9,16,念
1,1,9,16,抬
1,2,9,16,欺
1,2,9,16,负
1,2,9,16,顾
1,2,9,16,俩
1,2,9,16,吹
1,2,9,16,泡
1,2,9,16,结
1,2,9,16,数
1,2,9,16,却
1,2,9,16,识
1,2,9,16,传
1,2,9,16,念
1,2,9,16,敢
1,2,9,16,抬
1,1,9,17,裙
1,1,9,17,咖
1,1,9,17,啡
1,1,9,17,藏
1,1,9,17,底
1,1,9,17,失
1,1,9,17,铁
1,1,9,17,金
1,1,9,17,签
1,1,9,17,百
1,1,9,17,消
1,1,9,17,万
1,1,9,17,千
1,1,9,17,减
1,1,9,17,算
1,1,9,17,检
1,1,9,17,查
1,2,9,17,油
1,2,9,17,咖
1,2,9,17,啡
1,2,9,17,失
1,2,9,17,铁
1,2,9,17,金
1,2,9,17,泳
1,2,9,17,赛
1,2,9,17,试
1,2,9,17,百
1,2,9,17,等
1,2,9,17,题
1,2,9,17,万
1,2,9,17,千
1,2,9,17,检
1,2,9,17,查
1,1,4,1,解
1,1,4,1,内
1,1,4,1,预
1,1,4,1,况
1,1,4,1,众
1,1,4,1,播
1,1,4,1,续
1,1,4,1,剧
1,1,4,1,集
1,1,4,1,精
1,1,4,1,换
1,1,4,1,言
1,1,4,1,投
1,1,4,1,掌
1,1,4,1,疲
1,1,4,1,倦
1,1,4,1,议
1,1,4,1,蹈
1,1,4,1,秘
1,1,4,1,密
1,2,4,1,闻
1,2,4,1,内
1,2,4,1,外
1,2,4,1,部
1,2,4,1,众
1,2,4,1,精
1,2,4,1,彩
1,2,4,1,拍
1,2,4,1,刚
1,2,4,1,建
1,1,4,2,苹
1,1,4,2,词
1,1,4,2,丸
1,1,4,2,鼓
1,1,4,2,帽
1,1,4,2,套
1,1,4,2,递
1,1,4,2,姑
1,1,4,2,烟
1,1,4,2,棒
1,1,4,2,倾
1,1,4,2,暖
1,1,4,2,示
1,1,4,2,忽
1,1,4,2,灵
1,1,4,2,挤
1,1,4,2,靠
1,1,4,2,撑
1,1,4,2,担
1,2,4,2,讨
1,2,4,2,论
1,2,4,2,串
1,2,4,2,丸
1,2,4,2,姑
1,2,4,2,乌
1,2,4,2,忽
1,2,4,2,灵
1,2,4,2,急
1,2,4,2,怕
1,1,4,3,尊
1,1,4,3,敬
1,1,4,3,辈
1,1,4,3,警
1,1,4,3,察
1,1,4,3,悔
1,1,4,3,脾
1,1,4,3,模
1,1,4,3,型
1,1,4,3,碗
1,1,4,3,吞
1,1,4,3,舍
1,1,4,3,醒
1,1,4,3,睁
1,1,4,3,补
1,1,4,3,谎
1,1,4,3,泪
1,1,4,3,落
1,1,4,3,批
1,1,4,3,评
1,2,4,3,尊
1,2,4,3,敬
1,2,4,3,偷
1,2,4,3,悔
1,2,4,3,架
1,2,4,3,近
1,2,4,3,迷
1,2,4,3,补
1,2,4,3,泪
1,2,4,3,您
1,1,4,4,值
1,1,4,4,责
1,1,4,4,擦
1,1,4,4,扇
1,1,4,4,归
1,1,4,4,插
1,1,4,4,阅
1,1,4,4,耍
1,1,4,4,劝
1,1,4,4,注
1,1,4,4,证
1,1,4,4,皱
1,1,4,4,眉
1,1,4,4,默
1,1,4,4,由
1,1,4,4,于
1,1,4,4,纷
1,1,4,4,赞
1,2,4,4,责
1,2,4,4,食
1,2,4,4,插
1,2,4,4,注
1,2,4,4,意
1,2,4,4,静
1,2,4,4,由
1,2,4,4,于
1,2,4,4,脚
1,2,4,4,净
1,2,4,4,任
1,1,4,5,防
1,1,4,5,针
1,1,4,5,育
1,1,4,5,继
1,1,4,5,烧
1,1,4,5,药
1,1,4,5,澡
1,1,4,5,戴
1,1,4,5,项
1,1,4,5,差
1,1,4,5,闷
1,1,4,5,胆
1,1,4,5,微
1,1,4,5,松
1,1,4,5,勇
1,1,4,5,骗
1,1,4,5,闭
1,1,4,5,哇
1,1,4,5,并
1,2,4,5,针
1,2,4,5,束
1,2,4,5,室
1,2,4,5,药
1,2,4,5,检
1,2,4,5,查
1,2,4,5,伸
1,2,4,5,闭
1,1,4,6,夫
1,1,4,6,武
1,1,4,6,族
1,1,4,6,团
1,1,4,6,训
1,1,4,6,迎
1,1,4,6,握
1,1,4,6,励
1,1,4,6,器
1,1,4,6,丰
1,1,4,6,富
1,1,4,6,啦
1,1,4,6,辛
1,1,4,6,弃
1,1,4,6,坚
1,1,4,6,持
1,1,4,6,段
1,1,4,6,登
1,1,4,6,幸
1,1,4,6,享
1,2,4,6,功
1,2,4,6,夫
1,2,4,6,所
1,2,4,6,团
1,2,4,6,始
1,2,4,6,久
1,2,4,6,军
1,2,4,6,辛
1,2,4,6,苦
1,2,4,6,健
1,2,4,6,康
1,1,4,7,孕
1,1,4,7,妇
1,1,4,7,厢
1,1,4,7,乘
1,1,4,7,随
1,1,4,7,塑
1,1,4,7,料
1,1,4,7,约
1,1,4,7,歉
1,1,4,7,舅
1,1,4,7,移
1,1,4,7,命
1,1,4,7,终
1,1,4,7,乎
1,1,4,7,滚
1,1,4,7,秩
1,1,4,7,序
1,1,4,7,耐
1,1,4,7,待
1,1,4,7,悄
1,2,4,7,厢
1,2,4,7,乘
1,2,4,7,劝
1,2,4,7,思
1,2,4,7,馆
1,2,4,7,拼
1,2,4,7,命
1,2,4,7,挤
1,2,4,7,摇
1,2,4,7,抢
1,1,4,8,危
1,1,4,8,险
1,1,4,8,遵
1,1,4,8,守
1,1,4,8,通
1,1,4,8,规
1,1,4,8,则
1,1,4,8,祸
1,1,4,8,另
1,1,4,8,挥
1,1,4,8,巨
1,1,4,8,困
1,1,4,8,达
1,1,4,8,顺
1,1,4,8,血
1,1,4,8,访
1,1,4,8,标
1,1,4,8,义
1,1,4,8,获
1,1,4,8,扬
1,2,4,8,通
1,2,4,8,救
1,2,4,8,另
1,2,4,8,照
1,2,4,8,顾
1,2,4,8,司
1,2,4,8,被
1,2,4,8,困
1,2,4,8,血
1,1,4,9,盲
1,1,4,9,熟
1,1,4,9,民
1,1,4,9,供
1,1,4,9,沟
1,1,4,9,洁
1,1,4,9,饮
1,1,4,9,摊
1,1,4,9,糖
1,1,4,9,厌
1,1,4,9,般
1,1,4,9,其
1,1,4,9,辣
1,1,4,9,橙
1,1,4,9,牌
1,1,4,9,楚
1,1,4,9,依
1,1,4,9,笨
1,1,4,9,而
1,2,4,9,居
1,2,4,9,民
1,2,4,9,铁
1,2,4,9,座
1,2,4,9,店
1,2,4,9,味
1,2,4,9,其
1,2,4,9,清
1,2,4,9,楚
1,2,4,9,离
1,1,4,10,烦
1,1,4,10,螃
1,1,4,10,蟹
1,1,4,10,粉
1,1,4,10,貌
1,1,4,10,无
1,1,4,10,占
1,1,4,10,柜
1,1,4,10,壶
1,1,4,10,洒
1,1,4,10,拖
1,1,4,10,睬
1,1,4,10,肯
1,1,4,10,敲
1,1,4,10,羞
1,1,4,10,显
1,2,4,10,洁
1,2,4,10,粉
1,2,4,10,管
1,2,4,10,助
1,2,4,10,无
1,2,4,10,耍
1,2,4,10,推
1,2,4,10,喊
1,2,4,10,教
1,2,4,10,难
1,1,4,11,曲
1,1,4,11,令
1,1,4,11,枪
1,1,4,11,席
1,1,4,11,秒
1,1,4,11,冠
1,1,4,11,领
1,1,4,11,奖
1,1,4,11,飘
1,1,4,11,此
1,1,4,11,既
1,1,4,11,速
1,1,4,11,奔
1,1,4,11,摔
1,1,4,11,焦
1,1,4,11,亚
1,1,4,11,优
1,1,4,11,秀
1,1,4,11,绩
1,2,4,11,曲
1,2,4,11,令
1,2,4,11,举
1,2,4,11,指
1,2,4,11,选
1,2,4,11,终
1,2,4,11,级
1,2,4,11,既
1,2,4,11,抱
1,2,4,11,取
1,1,4,12,鹅
1,1,4,12,南
1,1,4,12,北
1,1,4,12,览
1,1,4,12,烈
1,1,4,12,旅
1,1,4,12,介
1,1,4,12,绍
1,1,4,12,景
1,1,4,12,兵
1,1,4,12,列
1,1,4,12,泉
1,1,4,12,宾
1,1,4,12,朝
1,1,4,12,欣
1,1,4,12,赏
1,1,4,12,纪
1,1,4,12,充
1,2,4,12,顺
1,2,4,12,屋
1,2,4,12,商
1,2,4,12,热
1,2,4,12,假
1,2,4,12,传
1,2,4,12,围
1,2,4,12,握
1,2,4,12,群
1,1,4,13,裂
1,1,4,13,娘
1,1,4,13,拜
1,1,4,13,仙
1,1,4,13,弹
1,1,4,13,钢
1,1,4,13,琴
1,1,4,13,俱
1,1,4,13,承
1,1,4,13,拒
1,1,4,13,绝
1,1,4,13,之
1,1,4,13,挑
1,1,4,13,拆
1,1,4,13,怒
1,1,4,13,剩
1,1,4,13,扛
1,1,4,13,丈
1,1,4,13,柱
1,1,4,13,缩
1,2,4,13,块
1,2,4,13,突
1,2,4,13,婆
1,2,4,13,男
1,2,4,13,许
1,2,4,13,宝
1,2,4,13,特
1,2,4,13,摸
1,2,4,13,言
1,2,4,13,语
1,2,4,13,刻
1,1,4,14,皂
1,1,4,14,典
1,1,4,14,筷
1,1,4,14,匙
1,1,4,14,拳
1,1,4,14,乒
1,1,4,14,乓
1,1,4,14,厨
1,1,4,14,蕉
1,1,4,14,漫
1,1,4,14,铜
1,1,4,14,巧
1,1,4,14,穷
1,1,4,14,压
1,1,4,14,骂
1,1,4,14,瞪
1,1,4,14,凶
1,1,4,14,怜
1,1,4,14,竟
1,1,4,14,慌
1,1,4,14,欠
1,2,4,14,递
1,2,4,14,词
1,2,4,14,典
1,2,4,14,挥
1,2,4,14,落
1,2,4,14,骂
1,2,4,14,凶
1,2,4,14,怜
1,2,4,14,睁
1,2,4,14,慌
1,1,4,15,春
1,1,4,15,盛
1,1,4,15,秋
1,1,4,15,爽
1,1,4,15,舒
1,1,4,15,夏
1,1,4,15,炎
1,1,4,15,冬
1,1,4,15,寒
1,1,4,15,雪
1,1,4,15,堆
1,1,4,15,寄
1,1,4,15,邮
1,1,4,15,京
1,1,4,15,潮
1,1,4,15,袖
1,1,4,15,季
1,1,4,15,世
1,1,4,15,界
1,1,4,15,导
1,2,4,15,舒
1,2,4,15,炎
1,2,4,15,刮
1,2,4,15,展
1,2,4,15,观
1,2,4,15,碰
1,2,4,15,邮
1,2,4,15,票
1,2,4,15,泳
1,2,4,15,希
1,2,4,15,望
1,1,4,16,蛇
1,1,4,16,膀
1,1,4,16,颈
1,1,4,16,鹿
1,1,4,16,壁
1,1,4,16,蝴
1,1,4,16,蝶
1,1,4,16,趴
1,1,4,16,绕
1,1,4,16,丑
1,1,4,16,哦
1,1,4,16,释
1,1,4,16,与
1,1,4,16,牢
1,1,4,16,钩
1,1,4,16,蹲
1,1,4,16,侧
1,1,4,16,臂
1,2,4,16,鸡
1,2,4,16,鸭
1,2,4,16,速
1,2,4,16,漂
1,2,4,16,趴
1,2,4,16,惊
1,2,4,16,奇
1,2,4,16,丑
1,2,4,16,挂
1,2,4,16,枝
1,2,4,16,晒
1,1,10,1,解
1,1,10,1,内
1,1,10,1,预
1,1,10,1,况
1,1,10,1,众
1,1,10,1,播
1,1,10,1,续
1,1,10,1,剧
1,1,10,1,集
1,1,10,1,精
1,1,10,1,换
1,1,10,1,言
1,1,10,1,投
1,1,10,1,掌
1,1,10,1,疲
1,1,10,1,倦
1,1,10,1,议
1,1,10,1,蹈
1,1,10,1,秘
1,1,10,1,密
1,2,10,1,闻
1,2,10,1,内
1,2,10,1,外
1,2,10,1,岛
1,2,10,1,众
1,2,10,1,共
1,2,10,1,精
1,2,10,1,忍
1,2,10,1,刚
1,2,10,1,建
1,2,10,1,舞
1,2,10,1,蹈
1,2,10,1,秘
1,2,10,1,密
1,1,10,2,苹
1,1,10,2,词
1,1,10,2,丸
1,1,10,2,鼓
1,1,10,2,帽
1,1,10,2,套
1,1,10,2,递
1,1,10,2,姑
1,1,10,2,烟
1,1,10,2,棒
1,1,10,2,倾
1,1,10,2,暖
1,1,10,2,示
1,1,10,2,忽
1,1,10,2,灵
1,1,10,2,挤
1,1,10,2,靠
1,1,10,2,撑
1,1,10,2,担
1,2,10,2,苹
1,2,10,2,词
1,2,10,2,语
1,2,10,2,丸
1,2,10,2,鼓
1,2,10,2,递
1,2,10,2,姑
1,2,10,2,乌
1,2,10,2,紧
1,2,10,2,暖
1,2,10,2,示
1,2,10,2,忽
1,2,10,2,灵
1,2,10,2,挤
1,2,10,2,靠
1,2,10,2,担
1,2,10,2,怕
1,1,10,3,尊
1,1,10,3,敬
1,1,10,3,辈
1,1,10,3,警
1,1,10,3,察
1,1,10,3,悔
1,1,10,3,脾
1,1,10,3,模
1,1,10,3,型
1,1,10,3,碗
1,1,10,3,吞
1,1,10,3,舍
1,1,10,3,醒
1,1,10,3,睁
1,1,10,3,补
1,1,10,3,谎
1,1,10,3,泪
1,1,10,3,落
1,1,10,3,批
1,1,10,3,评
1,2,10,3,尊
1,2,10,3,敬
1,2,10,3,辈
1,2,10,3,警
1,2,10,3,察
1,2,10,3,悔
1,2,10,3,脾
1,2,10,3,碗
1,2,10,3,吞
1,2,10,3,迷
1,2,10,3,夜
1,2,10,3,舍
1,2,10,3,睁
1,2,10,3,补
1,2,10,3,街
1,2,10,3,煮
1,2,10,3,泪
1,1,10,4,值
1,1,10,4,责
1,1,10,4,擦
1,1,10,4,扇
1,1,10,4,归
1,1,10,4,插
1,1,10,4,阅
1,1,10,4,耍
1,1,10,4,劝
1,1,10,4,注
1,1,10,4,证
1,1,10,4,皱
1,1,10,4,眉
1,1,10,4,默
1,1,10,4,由
1,1,10,4,于
1,1,10,4,纷
1,1,10,4,赞
1,2,10,4,值
1,2,10,4,责
1,2,10,4,食
1,2,10,4,提
1,2,10,4,醒
1,2,10,4,归
1,2,10,4,盘
1,2,10,4,插
1,2,10,4,注
1,2,10,4,证
1,2,10,4,眉
1,2,10,4,静
1,2,10,4,由
1,2,10,4,于
1,2,10,4,净
1,2,10,4,任
1,2,10,4,影
1,2,10,4,难
1,1,10,5,防
1,1,10,5,针
1,1,10,5,育
1,1,10,5,继
1,1,10,5,烧
1,1,10,5,药
1,1,10,5,澡
1,1,10,5,戴
1,1,10,5,项
1,1,10,5,差
1,1,10,5,闷
1,1,10,5,胆
1,1,10,5,微
1,1,10,5,松
1,1,10,5,勇
1,1,10,5,骗
1,1,10,5,闭
1,1,10,5,哇
1,1,10,5,并
1,2,10,5,针
1,2,10,5,束
1,2,10,5,室
1,2,10,5,继
1,2,10,5,续
1,2,10,5,药
1,2,10,5,议
1,2,10,5,戴
1,2,10,5,差
1,2,10,5,闷
1,2,10,5,胆
1,2,10,5,痛
1,2,10,5,伸
1,2,10,5,骗
1,2,10,5,闭
1,1,10,6,夫
1,1,10,6,武
1,1,10,6,族
1,1,10,6,团
1,1,10,6,训
1,1,10,6,迎
1,1,10,6,握
1,1,10,6,励
1,1,10,6,器
1,1,10,6,丰
1,1,10,6,富
1,1,10,6,啦
1,1,10,6,辛
1,1,10,6,弃
1,1,10,6,坚
1,1,10,6,持
1,1,10,6,段
1,1,10,6,登
1,1,10,6,幸
1,1,10,6,享
1,2,10,6,夫
1,2,10,6,所
1,2,10,6,团
1,2,10,6,训
1,2,10,6,迎
1,2,10,6,励
1,2,10,6,许
1,2,10,6,久
1,2,10,6,丰
1,2,10,6,富
1,2,10,6,军
1,2,10,6,辛
1,2,10,6,苦
1,2,10,6,幸
1,2,10,6,享
1,2,10,6,健
1,2,10,6,康
1,1,10,7,孕
1,1,10,7,妇
1,1,10,7,厢
1,1,10,7,乘
1,1,10,7,随
1,1,10,7,塑
1,1,10,7,料
1,1,10,7,约
1,1,10,7,歉
1,1,10,7,舅
1,1,10,7,移
1,1,10,7,命
1,1,10,7,终
1,1,10,7,乎
1,1,10,7,滚
1,1,10,7,秩
1,1,10,7,序
1,1,10,7,耐
1,1,10,7,待
1,1,10,7,悄
1,2,10,7,厢
1,2,10,7,乘
1,2,10,7,劝
1,2,10,7,批
1,2,10,7,评
1,2,10,7,歉
1,2,10,7,馆
1,2,10,7,拼
1,2,10,7,命
1,2,10,7,群
1,2,10,7,摇
1,2,10,7,摆
1,2,10,7,秩
1,2,10,7,序
1,2,10,7,耐
1,2,10,7,抢
1,1,10,8,危
1,1,10,8,险
1,1,10,8,遵
1,1,10,8,守
1,1,10,8,通
1,1,10,8,规
1,1,10,8,则
1,1,10,8,祸
1,1,10,8,另
1,1,10,8,挥
1,1,10,8,巨
1,1,10,8,困
1,1,10,8,达
1,1,10,8,顺
1,1,10,8,血
1,1,10,8,访
1,1,10,8,标
1,1,10,8,义
1,1,10,8,获
1,1,10,8,扬
1,2,10,8,通
1,2,10,8,规
1,2,10,8,则
1,2,10,8,祸
1,2,10,8,另
1,2,10,8,解
1,2,10,8,辆
1,2,10,8,司
1,2,10,8,被
1,2,10,8,困
1,2,10,8,顺
1,2,10,8,利
1,2,10,8,血
1,2,10,8,院
1,2,10,8,义
1,2,10,8,勇
1,2,10,8,扬
1,1,10,9,盲
1,1,10,9,熟
1,1,10,9,民
1,1,10,9,供
1,1,10,9,沟
1,1,10,9,洁
1,1,10,9,饮
1,1,10,9,摊
1,1,10,9,糖
1,1,10,9,厌
1,1,10,9,般
1,1,10,9,其
1,1,10,9,辣
1,1,10,9,橙
1,1,10,9,牌
1,1,10,9,楚
1,1,10,9,依
1,1,10,9,笨
1,1,10,9,而
1,2,10,9,屋
1,2,10,9,熟
1,2,10,9,居
1,2,10,9,民
1,2,10,9,饮
1,2,10,9,料
1,2,10,9,糖
1,2,10,9,厌
1,2,10,9,炸
1,2,10,9,鸡
1,2,10,9,其
1,2,10,9,指
1,2,10,9,牌
1,2,10,9,楚
1,2,10,9,遍
1,2,10,9,而
1,1,10,10,烦
1,1,10,10,螃
1,1,10,10,蟹
1,1,10,10,粉
1,1,10,10,貌
1,1,10,10,无
1,1,10,10,占
1,1,10,10,柜
1,1,10,10,壶
1,1,10,10,洒
1,1,10,10,拖
1,1,10,10,睬
1,1,10,10,肯
1,1,10,10,敲
1,1,10,10,羞
1,1,10,10,显
1,2,10,10,洁
1,2,10,10,烦
1,2,10,10,粉
1,2,10,10,管
1,2,10,10,助
1,2,10,10,貌
1,2,10,10,无
1,2,10,10,占
1,2,10,10,耍
1,2,10,10,洒
1,2,10,10,推
1,2,10,10,喊
1,2,10,10,理
1,2,10,10,睬
1,2,10,10,肯
1,2,10,10,显
1,1,10,11,曲
1,1,10,11,令
1,1,10,11,枪
1,1,10,11,席
1,1,10,11,秒
1,1,10,11,冠
1,1,10,11,领
1,1,10,11,奖
1,1,10,11,飘
1,1,10,11,此
1,1,10,11,既
1,1,10,11,速
1,1,10,11,奔
1,1,10,11,摔
1,1,10,11,焦
1,1,10,11,亚
1,1,10,11,优
1,1,10,11,秀
1,1,10,11,绩
1,2,10,11,曲
1,2,10,11,令
1,2,10,11,挥
1,2,10,11,终
1,2,10,11,计
1,2,10,11,达
1,2,10,11,奖
1,2,10,11,级
1,2,10,11,既
1,2,10,11,奔
1,2,10,11,焦
1,2,10,11,切
1,2,10,11,呼
1,2,10,11,取
1,2,10,11,优
1,2,10,11,秀
1,1,10,12,鹅
1,1,10,12,南
1,1,10,12,北
1,1,10,12,览
1,1,10,12,烈
1,1,10,12,旅
1,1,10,12,介
1,1,10,12,绍
1,1,10,12,景
1,1,10,12,兵
1,1,10,12,列
1,1,10,12,泉
1,1,10,12,宾
1,1,10,12,朝
1,1,10,12,欣
1,1,10,12,赏
1,1,10,12,纪
1,1,10,12,充
1,2,10,12,商
1,2,10,12,植
1,2,10,12,南
1,2,10,12,北
1,2,10,12,展
1,2,10,12,览
1,2,10,12,旅
1,2,10,12,景
1,2,10,12,兵
1,2,10,12,阵
1,2,10,12,围
1,2,10,12,微
1,2,10,12,握
1,2,10,12,纪
1,2,10,12,度
1,2,10,12,充
1,1,10,13,裂
1,1,10,13,娘
1,1,10,13,拜
1,1,10,13,仙
1,1,10,13,弹
1,1,10,13,钢
1,1,10,13,琴
1,1,10,13,俱
1,1,10,13,承
1,1,10,13,拒
1,1,10,13,绝
1,1,10,13,之
1,1,10,13,挑
1,1,10,13,拆
1,1,10,13,怒
1,1,10,13,剩
1,1,10,13,扛
1,1,10,13,丈
1,1,10,13,柱
1,1,10,13,缩
1,2,10,13,猴
1,2,10,13,扇
1,2,10,13,领
1,2,10,13,婆
1,2,10,13,男
1,2,10,13,承
1,2,10,13,盆
1,2,10,13,之
1,2,10,13,挑
1,2,10,13,拆
1,2,10,13,怒
1,2,10,13,宝
1,2,10,13,特
1,2,10,13,丈
1,2,10,13,摸
1,2,10,13,言
1,2,10,13,刻
1,1,10,14,皂
1,1,10,14,典
1,1,10,14,筷
1,1,10,14,匙
1,1,10,14,拳
1,1,10,14,乒
1,1,10,14,乓
1,1,10,14,厨
1,1,10,14,蕉
1,1,10,14,漫
1,1,10,14,铜
1,1,10,14,巧
1,1,10,14,穷
1,1,10,14,压
1,1,10,14,骂
1,1,10,14,瞪
1,1,10,14,凶
1,1,10,14,怜
1,1,10,14,竟
1,1,10,14,慌
1,1,10,14,欠
1,2,10,14,典
1,2,10,14,厨
1,2,10,14,蕉
1,2,10,14,蛋
1,2,10,14,糕
1,2,10,14,阅
1,2,10,14,落
1,2,10,14,餐
1,2,10,14,巧
1,2,10,14,穷
1,2,10,14,压
1,2,10,14,骂
1,2,10,14,凶
1,2,10,14,怜
1,2,10,14,竟
1,2,10,14,慌
1,1,10,15,春
1,1,10,15,盛
1,1,10,15,秋
1,1,10,15,爽
1,1,10,15,舒
1,1,10,15,夏
1,1,10,15,炎
1,1,10,15,冬
1,1,10,15,寒
1,1,10,15,雪
1,1,10,15,堆
1,1,10,15,寄
1,1,10,15,邮
1,1,10,15,京
1,1,10,15,潮
1,1,10,15,袖
1,1,10,15,季
1,1,10,15,世
1,1,10,15,界
1,1,10,15,导
1,2,10,15,爽
1,2,10,15,舒
1,2,10,15,炎
1,2,10,15,冬
1,2,10,15,雪
1,2,10,15,堆
1,2,10,15,寄
1,2,10,15,邮
1,2,10,15,票
1,2,10,15,拖
1,2,10,15,鞋
1,2,10,15,湿
1,2,10,15,裤
1,2,10,15,底
1,2,10,15,帽
1,2,10,15,套
1,1,10,16,蛇
1,1,10,16,膀
1,1,10,16,颈
1,1,10,16,鹿
1,1,10,16,壁
1,1,10,16,蝴
1,1,10,16,蝶
1,1,10,16,趴
1,1,10,16,绕
1,1,10,16,丑
1,1,10,16,哦
1,1,10,16,释
1,1,10,16,与
1,1,10,16,牢
1,1,10,16,钩
1,1,10,16,蹲
1,1,10,16,侧
1,1,10,16,臂
1,2,10,16,鸭
1,2,10,16,翅
1,2,10,16,膀
1,2,10,16,速
1,2,10,16,漂
1,2,10,16,趴
1,2,10,16,绕
1,2,10,16,惊
1,2,10,16,奇
1,2,10,16,丑
1,2,10,16,挂
1,2,10,16,与
1,2,10,16,晒
1,2,10,16,蹲
1,2,10,16,侧
1,2,10,16,臂
1,1,5,1,露
1,1,5,1,营
1,1,5,1,探
1,1,5,1,袜
1,1,5,1,筒
1,1,5,1,止
1,1,5,1,独
1,1,5,1,禁
1,1,5,1,贵
1,1,5,1,竞
1,1,5,1,绑
1,1,5,1,协
1,1,5,1,配
1,1,5,1,咽
1,1,5,1,顿
1,1,5,1,骨
1,1,5,1,椰
1,1,5,1,昏
1,2,5,1,集
1,2,5,1,迎
1,2,5,1,裤
1,2,5,1,鞋
1,2,5,1,袜
1,2,5,1,单
1,2,5,1,独
1,2,5,1,贵
1,2,5,1,赛
1,2,5,1,简
1,2,5,1,轮
1,2,5,1,擦
1,2,5,1,顿
1,2,5,1,摆
1,2,5,1,感
1,1,5,2,测
1,1,5,2,确
1,1,5,2,码
1,1,5,2,填
1,1,5,2,格
1,1,5,2,暗
1,1,5,2,距
1,1,5,2,户
1,1,5,2,且
1,1,5,2,隔
1,1,5,2,惨
1,1,5,2,盯
1,1,5,2,疼
1,1,5,2,咳
1,1,5,2,嗽
1,1,5,2,诊
1,1,5,2,降
1,1,5,2,糊
1,1,5,2,瞎
1,2,5,2,视
1,2,5,2,题
1,2,5,2,连
1,2,5,2,续
1,2,5,2,脑
1,2,5,2,持
1,2,5,2,户
1,2,5,2,而
1,2,5,2,且
1,2,5,2,松
1,2,5,2,差
1,2,5,2,担
1,2,5,2,痛
1,2,5,2,害
1,2,5,2,惯
1,1,5,3,材
1,1,5,3,紫
1,1,5,3,调
1,1,5,3,盐
1,1,5,3,状
1,1,5,3,搅
1,1,5,3,拌
1,1,5,3,锅
1,1,5,3,异
1,1,5,3,聚
1,1,5,3,犯
1,1,5,3,误
1,1,5,3,似
1,1,5,3,恼
1,1,5,3,慰
1,1,5,3,惜
1,1,5,3,劳
1,2,5,3,营
1,2,5,3,养
1,2,5,3,蛋
1,2,5,3,黄
1,2,5,3,形
1,2,5,3,状
1,2,5,3,炒
1,2,5,3,嘴
1,2,5,3,异
1,2,5,3,答
1,2,5,3,谈
1,2,5,3,似
1,2,5,3,懂
1,2,5,3,劳
1,2,5,3,累
1,1,5,4,捐
1,1,5,4,效
1,1,5,4,类
1,1,5,4,存
1,1,5,4,冻
1,1,5,4,蔬
1,1,5,4,饺
1,1,5,4,酒
1,1,5,4,村
1,1,5,4,私
1,1,5,4,井
1,1,5,4,愁
1,1,5,4,撒
1,1,5,4,捧
1,1,5,4,缺
1,1,5,4,愉
1,1,5,4,聊
1,2,5,4,捐
1,2,5,4,装
1,2,5,4,鲜
1,2,5,4,适
1,2,5,4,糕
1,2,5,4,饼
1,2,5,4,私
1,2,5,4,煮
1,2,5,4,烧
1,2,5,4,怪
1,2,5,4,甜
1,2,5,4,转
1,2,5,4,幸
1,2,5,4,福
1,1,5,5,贩
1,1,5,5,银
1,1,5,5,资
1,1,5,5,叠
1,1,5,5,钞
1,1,5,5,币
1,1,5,5,联
1,1,5,5,晨
1,1,5,5,晃
1,1,5,5,恐
1,1,5,5,呆
1,1,5,5,傻
1,1,5,5,阻
1,1,5,5,拦
1,1,5,5,麻
1,1,5,5,诚
1,1,5,5,善
1,1,5,5,良
1,2,5,5,附
1,2,5,5,捡
1,2,5,5,联
1,2,5,5,系
1,2,5,5,餐
1,2,5,5,撞
1,2,5,5,紧
1,2,5,5,飘
1,2,5,5,约
1,2,5,5,麻
1,2,5,5,烦
1,2,5,5,遍
1,2,5,5,阿
1,2,5,5,姨
1,2,5,5,诚
1,1,5,6,洋
1,1,5,6,孔
1,1,5,6,浮
1,1,5,6,肤
1,1,5,6,层
1,1,5,6,厚
1,1,5,6,深
1,1,5,6,浅
1,1,5,6,死
1,1,5,6,泼
1,1,5,6,概
1,1,5,6,喘
1,1,5,6,透
1,1,5,6,抽
1,1,5,6,载
1,1,5,6,涨
1,1,5,6,波
1,1,5,6,激
1,2,5,6,顶
1,2,5,6,呼
1,2,5,6,吸
1,2,5,6,层
1,2,5,6,斤
1,2,5,6,深
1,2,5,6,浅
1,2,5,6,死
1,2,5,6,湿
1,2,5,6,提
1,2,5,6,数
1,2,5,6,脱
1,2,5,6,波
1,1,5,7,陆
1,1,5,7,汉
1,1,5,7,制
1,1,5,7,造
1,1,5,7,迹
1,1,5,7,络
1,1,5,7,未
1,1,5,7,弱
1,1,5,7,永
1,1,5,7,曾
1,1,5,7,龄
1,1,5,7,眨
1,1,5,7,输
1,1,5,7,赢
1,1,5,7,省
1,1,5,7,珍
1,2,5,7,汉
1,2,5,7,制
1,2,5,7,造
1,2,5,7,器
1,2,5,7,登
1,2,5,7,未
1,2,5,7,骗
1,2,5,7,永
1,2,5,7,溜
1,2,5,7,输
1,2,5,7,赢
1,2,5,7,此
1,2,5,7,省
1,1,5,8,增
1,1,5,8,添
1,1,5,8,兰
1,1,5,8,价
1,1,5,8,免
1,1,5,8,订
1,1,5,8,扮
1,1,5,8,仗
1,1,5,8,敌
1,1,5,8,攻
1,1,5,8,爹
1,1,5,8,孝
1,1,5,8,战
1,1,5,8,杀
1,1,5,8,胜
1,1,5,8,败
1,1,5,8,乡
1,1,5,8,雄
1,2,5,8,影
1,2,5,8,将
1,2,5,8,免
1,2,5,8,领
1,2,5,8,瓶
1,2,5,8,代
1,2,5,8,替
1,2,5,8,纪
1,2,5,8,孝
1,2,5,8,兵
1,2,5,8,乡
1,2,5,8,英
1,2,5,8,雄
1,1,5,9,址
1,1,5,9,痘
1,1,5,9,嘲
1,1,5,9,隐
1,1,5,9,瘾
1,1,5,9,控
1,1,5,9,唠
1,1,5,9,叨
1,1,5,9,遮
1,1,5,9,夹
1,1,5,9,恶
1,1,5,9,腰
1,1,5,9,酸
1,1,5,9,农
1,1,5,9,惭
1,1,5,9,愧
1,1,5,9,恩
1,1,5,9,拥
1,2,5,9,线
1,2,5,9,厌
1,2,5,9,较
1,2,5,9,嘲
1,2,5,9,戴
1,2,5,9,镜
1,2,5,9,控
1,2,5,9,段
1,2,5,9,遮
1,2,5,9,刷
1,2,5,9,农
1,2,5,9,珍
1,2,5,9,惜
1,1,5,10,初
1,1,5,10,至
1,1,5,10,零
1,1,5,10,程
1,1,5,10,基
1,1,5,10,截
1,1,5,10,限
1,1,5,10,详
1,1,5,10,胸
1,1,5,10,扑
1,1,5,10,衬
1,1,5,10,衫
1,1,5,10,扣
1,1,5,10,撕
1,1,5,10,肩
1,1,5,10,恨
1,1,5,10,狠
1,2,5,10,招
1,2,5,10,初
1,2,5,10,零
1,2,5,10,尽
1,2,5,10,详
1,2,5,10,使
1,2,5,10,聪
1,2,5,10,跌
1,2,5,10,切
1,2,5,10,扑
1,2,5,10,露
1,2,5,10,恨
1,2,5,10,狠
1,1,5,11,佳
1,1,5,11,著
1,1,5,11,册
1,1,5,11,滨
1,1,5,11,湾
1,1,5,11,刺
1,1,5,11,巷
1,1,5,11,唯
1,1,5,11,骄
1,1,5,11,傲
1,1,5,11,豪
1,1,5,11,盼
1,1,5,11,宽
1,1,5,11,阔
1,1,5,11,伍
1,1,5,11,斗
1,1,5,11,渐
1,1,5,11,献
1,1,5,11,缤
1,2,5,11,棒
1,2,5,11,评
1,2,5,11,超
1,2,5,11,熟
1,2,5,11,夜
1,2,5,11,刺
1,2,5,11,骄
1,2,5,11,傲
1,2,5,11,烈
1,2,5,11,舞
1,2,5,11,列
1,2,5,11,演
1,2,5,11,整
1,2,5,11,齐
1,1,5,12,录
1,1,5,12,构
1,1,5,12,历
1,1,5,12,史
1,1,5,12,甲
1,1,5,12,产
1,1,5,12,括
1,1,5,12,据
1,1,5,12,统
1,1,5,12,亿
1,1,5,12,乙
1,1,5,12,仅
1,1,5,12,叹
1,1,5,12,墨
1,1,5,12,窄
1,1,5,12,怀
1,1,5,12,疑
1,1,5,12,派
1,1,5,12,恍
1,1,5,13,遇
1,2,5,12,骨
1,2,5,12,括
1,2,5,12,优
1,2,5,12,艺
1,2,5,12,仅
1,2,5,12,官
1,2,5,12,叹
1,2,5,12,窄
1,2,5,12,怀
1,2,5,12,疑
1,2,5,12,派
1,2,5,12,肯
1,1,5,13,罗
1,1,5,13,顽
1,1,5,13,偶
1,1,5,13,诗
1,1,5,13,培
1,1,5,13,丙
1,1,5,13,宣
1,1,5,13,积
1,1,5,13,倍
1,1,5,13,际
1,1,5,13,何
1,1,5,13,混
1,1,5,13,偏
1,1,5,13,烫
1,1,5,13,额
1,1,5,13,柔
1,1,5,13,凡
1,1,5,14,栽
1,1,5,14,淡
1,2,5,13,遇
1,2,5,13,耐
1,2,5,13,顽
1,2,5,13,鼓
1,2,5,13,励
1,2,5,13,积
1,2,5,13,绩
1,2,5,13,并
1,2,5,13,洞
1,2,5,13,钻
1,2,5,13,温
1,2,5,13,柔
1,2,5,13,微
1,1,5,14,扁
1,1,5,14,乳
1,1,5,14,浓
1,1,5,14,炮
1,1,5,14,否
1,1,5,14,腐
1,1,5,14,烂
1,1,5,14,编
1,1,5,14,闲
1,1,5,14,挺
1,1,5,14,慷
1,1,5,14,慨
1,1,5,14,窝
1,1,5,14,幽
1,1,5,14,枯
1,1,5,15,固
1,1,5,15,筑
1,2,5,14,棵
1,2,5,14,巨
1,2,5,14,宽
1,2,5,14,阔
1,2,5,14,辆
1,2,5,14,升
1,2,5,14,淡
1,2,5,14,浓
1,2,5,14,闲
1,2,5,14,阴
1,2,5,14,壮
1,2,5,14,悄
1,1,5,15,震
1,1,5,15,亡
1,1,5,15,欧
1,1,5,15,洲
1,1,5,15,淹
1,1,5,15,避
1,1,5,15,兽
1,1,5,15,击
1,1,5,15,劣
1,1,5,15,祖
1,1,5,15,猎
1,1,5,15,捕
1,1,5,15,棍
1,1,5,15,驾
1,1,11,1,露
1,1,11,1,营
1,2,5,15,厚
1,2,5,15,暖
1,2,5,15,搭
1,2,5,15,减
1,2,5,15,亡
1,2,5,15,防
1,2,5,15,淹
1,2,5,15,避
1,2,5,15,神
1,2,5,15,环
1,2,5,15,境
1,2,5,15,驾
1,1,11,1,探
1,1,11,1,攀
1,1,11,1,岩
1,1,11,1,袜
1,1,11,1,筒
1,1,11,1,止
1,1,11,1,独
1,1,11,1,禁
1,1,11,1,贵
1,1,11,1,竞
1,1,11,1,绑
1,1,11,1,协
1,1,11,1,配
1,1,11,1,咽
1,1,11,1,顿
1,1,11,1,骨
1,1,11,1,际
1,1,11,1,椰
1,1,11,1,昏
1,1,11,2,测
1,1,11,2,确
1,2,11,1,露
1,2,11,1,营
1,2,11,1,集
1,2,11,1,袜
1,2,11,1,防
1,2,11,1,止
1,2,11,1,独
1,2,11,1,贵
1,2,11,1,绑
1,2,11,1,冠
1,2,11,1,摔
1,2,11,1,配
1,2,11,1,轮
1,2,11,1,擦
1,2,11,1,狼
1,2,11,1,咽
1,2,11,1,顿
1,2,11,1,感
1,1,11,2,码
1,1,11,2,填
1,1,11,2,格
1,1,11,2,暗
1,1,11,2,距
1,1,11,2,户
1,1,11,2,且
1,1,11,2,隔
1,1,11,2,惨
1,1,11,2,盯
1,1,11,2,疼
1,1,11,2,咳
1,1,11,2,嗽
1,1,11,2,诊
1,1,11,2,降
1,1,11,2,糊
1,1,11,2,瞎
1,1,11,2,抛
1,1,11,3,材
1,1,11,3,紫
1,2,11,2,案
1,2,11,2,代
1,2,11,2,昏
1,2,11,2,暗
1,2,11,2,脑
1,2,11,2,持
1,2,11,2,户
1,2,11,2,且
1,2,11,2,松
1,2,11,2,盯
1,2,11,2,圈
1,2,11,2,抛
1,2,11,2,害
1,2,11,2,惯
1,1,11,3,调
1,1,11,3,盐
1,1,11,3,状
1,1,11,3,搅
1,1,11,3,拌
1,1,11,3,锅
1,1,11,3,异
1,1,11,3,盼
1,1,11,3,聚
1,1,11,3,鸦
1,1,11,3,雀
1,1,11,3,犯
1,1,11,3,误
1,1,11,3,似
1,1,11,3,恼
1,1,11,3,慰
1,1,11,3,惜
1,1,11,3,劳
1,1,11,4,捐
1,1,11,4,效
1,2,11,3,黄
1,2,11,3,紫
1,2,11,3,调
1,2,11,3,剪
1,2,11,3,状
1,2,11,3,炒
1,2,11,3,沉
1,2,11,3,默
1,2,11,3,异
1,2,11,3,聚
1,2,11,3,福
1,2,11,3,似
1,2,11,3,份
1,2,11,3,贺
1,2,11,3,恼
1,2,11,3,慰
1,2,11,3,劳
1,2,11,3,累
1,1,11,4,类
1,1,11,4,存
1,1,11,4,冻
1,1,11,4,蔬
1,1,11,4,饺
1,1,11,4,酒
1,1,11,4,村
1,1,11,4,私
1,1,11,4,陌
1,1,11,4,井
1,1,11,4,愁
1,1,11,4,撒
1,1,11,4,妻
1,1,11,4,捧
1,1,11,4,缺
1,1,11,4,聊
1,1,11,4,愉
1,1,11,4,邀
1,1,11,4,宁
1,1,11,5,程
1,1,11,5,据
1,2,11,4,捐
1,2,11,4,类
1,2,11,4,必
1,2,11,4,须
1,2,11,4,存
1,2,11,4,鲜
1,2,11,4,汁
1,2,11,4,饼
1,2,11,4,私
1,2,11,4,敲
1,2,11,4,烧
1,2,11,4,怪
1,2,11,4,纷
1,2,11,4,溜
1,2,11,4,烟
1,2,11,4,愉
1,2,11,4,宁
1,1,11,5,积
1,1,11,5,逗
1,1,11,5,矛
1,1,11,5,盾
1,1,11,5,遇
1,1,11,5,怨
1,1,11,5,骄
1,1,11,5,傲
1,1,11,5,旺
1,1,11,5,闯
1,1,11,5,珍
1,1,11,5,碎
1,1,11,5,愤
1,1,11,5,严
1,1,11,5,肃
1,1,11,5,促
1,1,11,5,怀
1,1,11,5,疑
1,1,11,6,寻
1,1,11,6,贩
1,1,11,6,银
1,2,11,5,程
1,2,11,5,据
1,2,11,5,测
1,2,11,5,招
1,2,11,5,逗
1,2,11,5,矛
1,2,11,5,盾
1,2,11,5,遇
1,2,11,5,碎
1,2,11,5,愤
1,2,11,5,严
1,2,11,5,肃
1,2,11,5,禁
1,2,11,5,吸
1,2,11,5,辣
1,2,11,5,秒
1,1,11,6,资
1,1,11,6,叠
1,1,11,6,钞
1,1,11,6,币
1,1,11,6,联
1,1,11,6,晨
1,1,11,6,晃
1,1,11,6,稳
1,1,11,6,恐
1,1,11,6,呆
1,1,11,6,傻
1,1,11,6,何
1,1,11,6,阻
1,1,11,6,拦
1,1,11,6,麻
1,1,11,6,诚
1,1,11,6,善
1,1,11,6,良
1,1,11,6,忆
1,1,11,7,洋
1,1,11,7,孔
1,1,11,7,浮
1,2,11,6,银
1,2,11,6,联
1,2,11,6,系
1,2,11,6,码
1,2,11,6,晨
1,2,11,6,晃
1,2,11,6,退
1,2,11,6,恐
1,2,11,6,飘
1,2,11,6,呆
1,2,11,6,阻
1,2,11,6,拦
1,2,11,6,约
1,2,11,6,麻
1,2,11,6,诚
1,2,11,6,善
1,2,11,6,良
1,2,11,6,忆
1,1,11,7,肤
1,1,11,7,层
1,1,11,7,厚
1,1,11,7,深
1,1,11,7,浅
1,1,11,7,死
1,1,11,7,泼
1,1,11,7,概
1,1,11,7,喘
1,1,11,7,透
1,1,11,7,抽
1,1,11,7,载
1,1,11,7,涨
1,1,11,7,波
1,1,11,7,激
1,1,11,7,渐
1,1,11,7,悬
1,1,11,7,徘
1,1,11,7,徊
1,1,11,8,陆
1,1,11,8,汉
1,1,11,8,制
1,2,11,7,顶
1,2,11,7,浮
1,2,11,7,柱
1,2,11,7,层
1,2,11,7,厚
1,2,11,7,斤
1,2,11,7,深
1,2,11,7,浅
1,2,11,7,死
1,2,11,7,概
1,2,11,7,盖
1,2,11,7,载
1,2,11,7,波
1,2,11,7,激
1,2,11,7,渐
1,2,11,7,巨
1,2,11,7,随
1,2,11,7,依
1,2,11,7,消
1,1,11,8,造
1,1,11,8,迹
1,1,11,8,络
1,1,11,8,未
1,1,11,8,悲
1,1,11,8,弱
1,1,11,8,永
1,1,11,8,曾
1,1,11,8,龄
1,1,11,8,箭
1,1,11,8,寸
1,1,11,8,匆
1,1,11,8,眨
1,1,11,8,输
1,1,11,8,赢
1,1,11,8,省
1,1,11,8,划
1,1,11,9,增
1,1,11,9,添
1,1,11,9,兰
1,2,11,8,汉
1,2,11,8,制
1,2,11,8,造
1,2,11,8,器
1,2,11,8,登
1,2,11,8,未
1,2,11,8,永
1,2,11,8,曾
1,2,11,8,寸
1,2,11,8,输
1,2,11,8,仍
1,2,11,8,赢
1,2,11,8,此
1,2,11,8,省
1,2,11,8,划
1,2,11,8,井
1,2,11,8,乎
1,1,11,9,价
1,1,11,9,免
1,1,11,9,订
1,1,11,9,矿
1,1,11,9,扮
1,1,11,9,仗
1,1,11,9,爹
1,1,11,9,杀
1,1,11,9,敌
1,1,11,9,孝
1,1,11,9,乡
1,1,11,9,攻
1,1,11,9,叮
1,1,11,9,狂
1,1,11,9,战
1,1,11,9,败
1,1,11,9,胜
1,1,11,9,雄
1,1,11,10,址
1,1,11,10,痘
1,1,11,10,嘲
1,2,11,9,增
1,2,11,9,添
1,2,11,9,俱
1,2,11,9,将
1,2,11,9,兰
1,2,11,9,免
1,2,11,9,扮
1,2,11,9,替
1,2,11,9,仗
1,2,11,9,敌
1,2,11,9,孝
1,2,11,9,乡
1,2,11,9,烈
1,2,11,9,叮
1,2,11,9,英
1,2,11,9,雄
1,1,11,10,隐
1,1,11,10,瘾
1,1,11,10,控
1,1,11,10,唠
1,1,11,10,叨
1,1,11,10,碟
1,1,11,10,翼
1,1,11,10,遮
1,1,11,10,夹
1,1,11,10,恶
1,1,11,10,腰
1,1,11,10,酸
1,1,11,10,农
1,1,11,10,惭
1,1,11,10,愧
1,1,11,10,恩
1,1,11,10,拥
1,1,11,11,初
1,1,11,11,至
1,1,11,11,零
1,2,11,10,线
1,2,11,10,较
1,2,11,10,嘲
1,2,11,10,镜
1,2,11,10,控
1,2,11,10,唠
1,2,11,10,叨
1,2,11,10,段
1,2,11,10,遮
1,2,11,10,盛
1,2,11,10,刷
1,2,11,10,腰
1,2,11,10,农
1,2,11,10,惭
1,2,11,10,愧
1,2,11,10,珍
1,2,11,10,惜
1,2,11,10,拥
1,1,11,11,基
1,1,11,11,截
1,1,11,11,限
1,1,11,11,详
1,1,11,11,胸
1,1,11,11,扑
1,1,11,11,扭
1,1,11,11,彼
1,1,11,11,衬
1,1,11,11,衫
1,1,11,11,扣
1,1,11,11,撕
1,1,11,11,肩
1,1,11,11,恨
1,1,11,12,佳
1,1,11,12,著
1,1,11,12,册
1,1,11,12,滨
1,2,11,11,初
1,2,11,11,零
1,2,11,11,基
1,2,11,11,限
1,2,11,11,尽
1,2,11,11,详
1,2,11,11,使
1,2,11,11,胸
1,2,11,11,躲
1,2,11,11,扑
1,2,11,11,扭
1,2,11,11,彼
1,2,11,11,扣
1,2,11,11,恨
1,2,11,11,狠
1,2,11,11,瞪
1,2,11,11,啦
1,1,11,12,湾
1,1,11,12,刺
1,1,11,12,巷
1,1,11,12,唯
1,1,11,12,豪
1,1,11,12,宽
1,1,11,12,阔
1,1,11,12,伍
1,1,11,12,斗
1,1,11,12,呈
1,1,11,12,献
1,1,11,12,幕
1,1,11,12,临
1,1,11,12,浸
1,1,11,12,燃
1,1,11,12,缤
1,1,11,12,氛
1,1,11,13,录
1,1,11,13,构
1,1,11,13,历
1,1,11,13,史
1,2,11,12,棒
1,2,11,12,佳
1,2,11,12,著
1,2,11,12,刺
1,2,11,12,唯
1,2,11,12,骄
1,2,11,12,傲
1,2,11,12,盼
1,2,11,12,列
1,2,11,12,演
1,2,11,12,献
1,2,11,12,幕
1,2,11,12,降
1,2,11,12,临
1,2,11,12,缤
1,2,11,12,氛
1,1,11,13,甲
1,1,11,13,产
1,1,11,13,括
1,1,11,13,统
1,1,11,13,亿
1,1,11,13,乙
1,1,11,13,仅
1,1,11,13,叹
1,1,11,13,墨
1,1,11,13,窄
1,1,11,13,派
1,1,11,13,恍
1,1,11,13,悟
1,1,11,13,佩
1,1,11,13,违
1,1,11,13,抗
1,1,11,13,询
1,1,11,14,勤
1,1,11,14,罗
1,1,11,14,顽
1,1,11,14,偶
1,2,11,13,骨
1,2,11,13,括
1,2,11,13,世
1,2,11,13,界
1,2,11,13,艺
1,2,11,13,仅
1,2,11,13,官
1,2,11,13,叹
1,2,11,13,窄
1,2,11,13,怀
1,2,11,13,疑
1,2,11,13,派
1,2,11,13,恍
1,2,11,13,悟
1,2,11,13,佩
1,1,11,14,诗
1,1,11,14,培
1,1,11,14,丙
1,1,11,14,宣
1,1,11,14,倍
1,1,11,14,祈
1,1,11,14,祷
1,1,11,14,混
1,1,11,14,偏
1,1,11,14,烫
1,1,11,14,额
1,1,11,14,委
1,1,11,14,屈
1,1,11,14,涌
1,1,11,14,柔
1,1,11,14,凡
1,1,11,15,栽
1,1,11,15,淡
1,1,11,15,扁
1,1,11,15,乳
1,1,11,15,浓
1,2,11,14,勤
1,2,11,14,甲
1,2,11,14,顽
1,2,11,14,乙
1,2,11,14,诗
1,2,11,14,培
1,2,11,14,育
1,2,11,14,犯
1,2,11,14,积
1,2,11,14,倍
1,2,11,14,绩
1,2,11,14,并
1,2,11,14,钻
1,2,11,14,委
1,2,11,14,屈
1,2,11,14,温
1,2,11,14,柔
1,2,11,14,恢
1,2,11,14,复
1,1,11,15,炮
1,1,11,15,否
1,1,11,15,腐
1,1,11,15,烂
1,1,11,15,编
1,1,11,15,闲
1,1,11,15,姿
1,1,11,15,态
1,1,11,15,挺
1,1,11,15,慷
1,1,11,15,慨
1,1,11,15,茂
1,1,11,15,窝
1,1,11,15,幽
1,1,11,15,枯
1,1,11,16,滴
1,1,11,16,源
1,1,11,16,粒
1,1,11,16,粮
1,1,11,16,污
1,2,11,15,宽
1,2,11,15,阔
1,2,11,15,淡
1,2,11,15,浓
1,2,11,15,否
1,2,11,15,腐
1,2,11,15,烂
1,2,11,15,闲
1,2,11,15,聊
1,2,11,15,挺
1,2,11,15,慷
1,2,11,15,慨
1,2,11,15,阴
1,2,11,15,悄
1,2,11,15,枯
1,1,11,16,染
1,1,11,16,谐
1,1,11,16,博
1,1,11,16,繁
1,1,11,16,阶
1,1,11,16,悉
1,1,11,16,迫
1,1,11,16,妙
1,1,11,16,翩
1,1,11,16,夕
1,1,11,16,陶
1,1,11,16,醉
1,1,11,17,固
1,1,11,17,筑
1,1,11,17,震
1,1,11,17,亡
1,1,11,17,欧
1,1,11,17,洲
1,1,11,17,淹
1,1,11,16,惋
1,1,11,16,漠
1,2,11,16,滴
1,2,11,16,资
1,2,11,16,源
1,2,11,16,翻
1,2,11,16,粒
1,2,11,16,污
1,2,11,16,染
1,2,11,16,谐
1,2,11,16,博
1,2,11,16,匆
1,2,11,16,悲
1,2,11,16,悉
1,2,11,16,迫
1,2,11,16,待
1,2,11,16,春
1,1,11,17,兽
1,1,11,17,击
1,1,11,17,劣
1,1,11,17,祖
1,1,11,17,猎
1,1,11,17,捕
1,1,11,17,棍
1,1,11,17,挡
1,1,11,17,即
1,1,11,17,驾
1,1,11,17,驶
1,1,6,1,克
1,1,6,1,锻
1,1,6,1,炼
1,1,6,1,验
1,1,6,1,严
1,1,6,1,勤
1,1,6,1,懒
1,2,11,17,夏
1,2,11,17,搭
1,2,11,17,减
1,2,11,17,亡
1,2,11,17,淹
1,2,11,17,避
1,2,11,17,攻
1,2,11,17,击
1,2,11,17,神
1,2,11,17,寒
1,2,11,17,冻
1,2,11,17,境
1,2,11,17,祖
1,2,11,17,矮
1,2,11,17,挡
1,2,11,17,驾
1,1,6,1,惰
1,1,6,1,划
1,1,6,1,临
1,1,6,1,托
1,1,6,1,艳
1,1,6,1,滴
1,1,6,1,埋
1,1,6,1,暴
1,1,6,1,狂
1,1,6,2,孙
1,1,6,2,牵
1,1,6,2,促
1,1,6,2,庭
1,1,6,2,谐
1,1,6,2,拨
1,1,6,2,智
1,2,6,1,压
1,2,6,1,克
1,2,6,1,梦
1,2,6,1,勤
1,2,6,1,复
1,2,6,1,计
1,2,6,1,划
1,2,6,1,勇
1,2,6,1,景
1,2,6,1,引
1,2,6,1,颜
1,2,6,1,阵
1,2,6,1,榜
1,1,6,2,闯
1,1,6,2,斜
1,1,6,2,迅
1,1,6,2,踩
1,1,6,2,眯
1,1,6,2,呀
1,1,6,2,挡
1,1,6,2,唇
1,1,6,2,忆
1,1,6,3,蒸
1,1,6,3,脆
1,1,6,3,煎
1,1,6,3,赠
1,1,6,3,咸
1,1,6,3,粥
1,1,6,3,粒
1,2,6,2,孙
1,2,6,2,趣
1,2,6,2,解
1,2,6,2,贴
1,2,6,2,共
1,2,6,2,陪
1,2,6,2,斜
1,2,6,2,踩
1,2,6,2,歪
1,2,6,2,眯
1,2,6,2,换
1,2,6,2,挡
1,2,6,2,忆
1,1,6,3,仿
1,1,6,3,例
1,1,6,3,毒
1,1,6,3,财
1,1,6,3,夺
1,1,6,3,彼
1,1,6,3,劲
1,1,6,3,伟
1,1,6,3,慧
1,1,6,4,珠
1,1,6,4,链
1,1,6,4,货
1,1,6,4,宜
1,1,6,4,质
1,1,6,4,销
1,1,6,4,售
1,2,6,3,炸
1,2,6,3,烤
1,2,6,3,苗
1,2,6,3,盘
1,2,6,3,瘦
1,2,6,3,汁
1,2,6,3,粒
1,2,6,3,除
1,2,6,3,例
1,2,6,3,争
1,2,6,3,断
1,2,6,3,伟
1,1,6,4,损
1,1,6,4,修
1,1,6,4,趟
1,1,6,4,匆
1,1,6,4,扰
1,1,6,4,普
1,1,6,4,趁
1,1,6,4,慈
1,1,6,4,祥
1,1,6,5,择
1,1,6,5,述
1,1,6,5,呈
1,1,6,5,式
1,1,6,5,创
1,1,6,5,肥
1,1,6,5,性
1,2,6,4,价
1,2,6,4,货
1,2,6,4,宜
1,2,6,4,量
1,2,6,4,修
1,2,6,4,理
1,2,6,4,套
1,2,6,4,趟
1,2,6,4,弯
1,2,6,4,腰
1,2,6,4,随
1,2,6,4,示
1,2,6,4,趁
1,2,6,4,反
1,1,6,5,贪
1,1,6,5,砸
1,1,6,5,碎
1,1,6,5,镇
1,1,6,5,锤
1,1,6,5,聋
1,1,6,5,糟
1,1,6,5,捂
1,1,6,5,塞
1,1,6,5,捞
1,1,6,6,抗
1,1,6,6,忠
1,1,6,6,杰
1,1,6,6,德
1,1,6,6,江
1,1,6,6,俊
1,1,6,6,帅
1,2,6,5,达
1,2,6,5,创
1,2,6,5,肥
1,2,6,5,垃
1,2,6,5,圾
1,2,6,5,铃
1,2,6,5,院
1,2,6,5,搬
1,2,6,5,碎
1,2,6,5,笨
1,2,6,5,逃
1,2,6,5,袋
1,2,6,5,靠
1,2,6,5,忍
1,1,6,6,妒
1,1,6,6,忌
1,1,6,6,箭
1,1,6,6,甘
1,1,6,6,罚
1,1,6,6,延
1,1,6,6,罪
1,1,6,6,催
1,1,6,6,雾
1,1,6,6,绳
1,1,6,6,射
1,1,6,6,妙
1,1,6,7,幅
1,1,6,7,抄
1,1,6,7,赚
1,1,6,7,氛
1,1,6,7,局
1,1,6,7,厦
1,1,6,7,贡
1,1,6,7,置
1,2,6,6,杰
1,2,6,6,俊
1,2,6,6,帅
1,2,6,6,议
1,2,6,6,够
1,2,6,6,愿
1,2,6,6,罚
1,2,6,6,必
1,2,6,6,须
1,2,6,6,盖
1,2,6,6,催
1,2,6,6,躲
1,2,6,6,妙
1,1,6,7,政
1,1,6,7,府
1,1,6,7,廊
1,1,6,7,吊
1,1,6,7,租
1,1,6,7,吩
1,1,6,7,咐
1,1,6,7,津
1,1,6,7,捏
1,1,6,8,版
1,1,6,8,社
1,1,6,8,章
1,1,6,8,朗
1,1,6,8,译
1,1,6,8,妖
1,1,6,8,魔
1,1,6,8,鬼
1,2,6,7,街
1,2,6,7,幅
1,2,6,7,抄
1,2,6,7,消
1,2,6,7,巧
1,2,6,7,置
1,2,6,7,骑
1,2,6,7,底
1,2,6,7,梯
1,2,6,7,篮
1,2,6,7,津
1,2,6,7,邻
1,2,6,7,拖
1,2,6,7,扁
1,2,6,7,厕
1,1,6,8,申
1,1,6,8,悉
1,1,6,8,贫
1,1,6,8,余
1,1,6,8,忧
1,1,6,8,跨
1,1,6,8,寻
1,1,6,8,暂
1,1,6,9,罩
1,1,6,9,遭
1,1,6,9,技
1,1,6,9,搜
1,1,6,9,索
1,1,6,9,堵
1,1,6,9,航
1,1,6,9,幻
1,2,6,8,介
1,2,6,8,绍
1,2,6,8,录
1,2,6,8,页
1,2,6,8,码
1,2,6,8,式
1,2,6,8,篇
1,2,6,8,义
1,2,6,8,翻
1,2,6,8,败
1,2,6,8,鬼
1,2,6,8,申
1,2,6,8,牌
1,2,6,8,穷
1,2,6,8,算
1,2,6,8,糟
1,2,6,8,吞
1,1,6,9,源
1,1,6,9,砖
1,1,6,9,咦
1,1,6,9,厉
1,1,6,9,瞧
1,1,6,9,虑
1,1,6,9,端
1,1,6,9,胀
1,1,6,9,丝
1,1,6,10,毕
1,1,6,10,届
1,1,6,10,恳
1,1,6,10,邀
1,1,6,10,致
1,1,6,10,仪
1,1,6,10,奏
1,1,6,10,诵
1,1,6,10,幕
1,2,6,9,品
1,2,6,9,按
1,2,6,9,眨
1,2,6,9,幻
1,2,6,9,度
1,2,6,9,恼
1,2,6,9,厉
1,2,6,9,晃
1,2,6,9,敲
1,2,6,9,窗
1,2,6,9,尝
1,2,6,9,滴
1,2,6,9,存
1,1,6,10,键
1,1,6,10,悲
1,1,6,10,稍
1,1,6,10,含
1,1,6,10,怨
1,1,6,10,途
1,1,6,10,孤
1,1,12,1,克
1,1,12,1,锻
1,1,12,1,炼
1,1,12,1,验
1,1,12,1,懒
1,1,12,1,惰
1,1,12,1,佛
1,1,12,1,缝
1,1,12,1,逢
1,2,6,10,毕
1,2,6,10,邀
1,2,6,10,证
1,2,6,10,醒
1,2,6,10,务
1,2,6,10,盼
1,2,6,10,踏
1,2,6,10,依
1,2,6,10,舍
1,2,6,10,弃
1,2,6,10,途
1,2,6,10,坚
1,2,6,10,废
1,2,6,10,守
1,1,12,1,艳
1,1,12,1,耀
1,1,12,1,托
1,1,12,1,雅
1,1,12,1,扎
1,1,12,1,埋
1,1,12,1,暴
1,1,12,1,挠
1,1,12,1,凭
1,1,12,1,榜
1,1,12,2,孙
1,1,12,2,牵
1,1,12,2,德
1,1,12,2,庭
1,1,12,2,拨
1,1,12,2,智
1,1,12,2,础
1,1,12,2,斜
1,1,12,2,蹦
1,2,12,1,克
1,2,12,1,锻
1,2,12,1,炼
1,2,12,1,梦
1,2,12,1,格
1,2,12,1,懒
1,2,12,1,惰
1,2,12,1,艳
1,2,12,1,弱
1,2,12,1,产
1,2,12,1,坚
1,2,12,1,恶
1,2,12,1,志
1,2,12,1,榜
1,1,12,2,迅
1,1,12,2,挽
1,1,12,2,踩
1,1,12,2,蒙
1,1,12,2,眯
1,1,12,2,呀
1,1,12,2,惑
1,1,12,2,讶
1,1,12,2,苍
1,1,12,3,蒸
1,1,12,3,脆
1,1,12,3,煎
1,1,12,3,赠
1,1,12,3,咸
1,1,12,3,粥
1,1,12,3,敏
1,1,12,3,捷
1,1,12,3,堵
1,1,12,3,塞
1,2,12,2,孙
1,2,12,2,牵
1,2,12,2,促
1,2,12,2,庭
1,2,12,2,拨
1,2,12,2,倾
1,2,12,2,斜
1,2,12,2,踩
1,2,12,2,歪
1,2,12,2,眯
1,2,12,2,透
1,2,12,2,换
1,2,12,2,撑
1,1,12,3,仿
1,1,12,3,例
1,1,12,3,毒
1,1,12,3,财
1,1,12,3,夺
1,1,12,3,劲
1,1,12,3,伟
1,1,12,3,慧
1,1,12,4,珠
1,1,12,4,链
1,1,12,4,货
1,1,12,4,宜
1,1,12,4,质
1,1,12,4,销
1,1,12,4,售
1,1,12,4,损
1,1,12,4,修
1,1,12,4,均
1,2,12,3,蒸
1,2,12,3,脆
1,2,12,3,烤
1,2,12,3,苗
1,2,12,3,煎
1,2,12,3,酸
1,2,12,3,瘦
1,2,12,3,科
1,2,12,3,模
1,2,12,3,仿
1,2,12,3,除
1,2,12,3,例
1,2,12,3,劲
1,2,12,3,硬
1,2,12,3,伟
1,1,12,4,匀
1,1,12,4,趟
1,1,12,4,猛
1,1,12,4,扰
1,1,12,4,普
1,1,12,4,俭
1,1,12,4,趁
1,1,12,4,慈
1,1,12,4,祥
1,1,12,5,择
1,1,12,5,述
1,1,12,5,式
1,1,12,5,创
1,1,12,5,肥
1,1,12,5,橱
1,1,12,5,虹
1,1,12,5,性
1,1,12,5,锐
1,1,12,5,抵
1,2,12,4,珠
1,2,12,4,项
1,2,12,4,链
1,2,12,4,价
1,2,12,4,货
1,2,12,4,宜
1,2,12,4,质
1,2,12,4,修
1,2,12,4,逛
1,2,12,4,趟
1,2,12,4,扰
1,2,12,4,态
1,2,12,4,普
1,2,12,4,趁
1,2,12,4,反
1,1,12,5,哑
1,1,12,5,贪
1,1,12,5,砸
1,1,12,5,镇
1,1,12,5,锤
1,1,12,5,聋
1,1,12,5,糟
1,1,12,5,捂
1,1,12,5,捞
1,1,12,5,毫
1,1,12,6,忠
1,1,12,6,杰
1,1,12,6,江
1,1,12,6,俊
1,1,12,6,帅
1,1,12,6,妒
1,1,12,6,忌
1,1,12,6,谋
1,1,12,6,甘
1,1,12,6,罚
1,2,12,5,择
1,2,12,5,式
1,2,12,5,创
1,2,12,5,肥
1,2,12,5,谎
1,2,12,5,披
1,2,12,5,性
1,2,12,5,固
1,2,12,5,铃
1,2,12,5,贪
1,2,12,5,财
1,2,12,5,砸
1,2,12,5,捂
1,2,12,5,笨
1,2,12,5,毫
1,2,12,5,即
1,1,12,6,延
1,1,12,6,吩
1,1,12,6,咐
1,1,12,6,逼
1,1,12,6,罪
1,1,12,6,催
1,1,12,6,雾
1,1,12,6,绳
1,1,12,6,伏
1,1,12,6,射
1,1,12,7,峰
1,1,12,7,暑
1,1,12,7,瀑
1,1,12,7,跨
1,1,12,7,泻
1,1,12,7,欲
1,1,12,7,川
1,1,12,7,脉
1,1,12,7,返
1,1,12,7,坦
1,2,12,6,抗
1,2,12,6,杰
1,2,12,6,智
1,2,12,6,慧
1,2,12,6,俊
1,2,12,6,帅
1,2,12,6,妒
1,2,12,6,忌
1,2,12,6,够
1,2,12,6,罚
1,2,12,6,罪
1,2,12,6,催
1,2,12,6,埋
1,2,12,6,伏
1,2,12,6,遵
1,1,12,7,覆
1,1,12,7,含
1,1,12,7,甚
1,1,12,7,致
1,1,12,7,益
1,1,12,7,治
1,1,12,7,疗
1,1,12,7,疾
1,1,12,7,股
1,1,12,7,厉
1,1,12,8,幅
1,1,12,8,抄
1,1,12,8,赚
1,1,12,8,局
1,1,12,8,厦
1,1,12,8,贡
1,1,12,8,若
1,1,12,8,置
1,1,12,8,政
1,1,12,8,府
1,2,12,7,季
1,2,12,7,胜
1,2,12,7,跨
1,2,12,7,泻
1,2,12,7,迹
1,2,12,7,返
1,2,12,7,含
1,2,12,7,甚
1,2,12,7,至
1,2,12,7,治
1,2,12,7,疗
1,2,12,7,托
1,2,12,7,股
1,2,12,7,厉
1,1,12,8,忧
1,1,12,8,虑
1,1,12,8,廊
1,1,12,8,吊
1,1,12,8,租
1,1,12,8,津
1,1,12,8,捏
1,1,12,8,掏
1,1,12,8,栏
1,1,12,8,杆
1,1,12,8,妖
1,1,12,8,冤
1,1,12,8,枉
1,1,12,8,娱
1,1,12,9,筝
1,1,12,9,吉
1,1,12,9,皇
1,1,12,9,帝
1,1,12,9,饰
1,1,12,9,舟
1,1,12,9,腾
1,1,12,9,宫
1,1,12,9,荒
1,1,12,9,辜
1,2,12,8,幅
1,2,12,8,抄
1,2,12,8,赚
1,2,12,8,印
1,2,12,8,贡
1,2,12,8,置
1,2,12,8,忧
1,2,12,8,虑
1,2,12,8,篮
1,2,12,8,吩
1,2,12,8,咐
1,2,12,8,摊
1,2,12,8,津
1,2,12,8,邻
1,2,12,8,扁
1,2,12,8,厕
1,2,12,8,古
1,1,12,9,遭
1,1,12,9,残
1,1,12,9,副
1,1,12,9,执
1,1,12,9,爆
1,1,12,9,权
1,1,12,9,允
1,1,12,9,毁
1,1,12,9,汪
1,1,12,9,缓
1,1,12,9,筋
1,1,12,9,挣
1,1,12,9,吼
1,1,12,10,籍
1,1,12,10,版
1,1,12,10,社
1,1,12,10,章
1,1,12,10,朗
1,1,12,10,译
1,1,12,10,徒
1,1,12,10,魔
1,1,12,10,鬼
1,1,12,10,申
1,1,12,10,贫
1,2,12,9,筝
1,2,12,9,族
1,2,12,9,壁
1,2,12,9,裂
1,2,12,9,遭
1,2,12,9,残
1,2,12,9,副
1,2,12,9,爆
1,2,12,9,允
1,2,12,9,暴
1,2,12,9,筋
1,2,12,9,疲
1,2,12,9,挣
1,2,12,9,扎
1,1,12,10,余
1,1,12,10,饥
1,1,12,10,踮
1,1,12,10,贯
1,1,12,10,惧
1,1,12,10,滋
1,1,12,10,暂
1,1,12,10,诱
1,1,12,10,捣
1,1,12,10,端
1,1,12,10,浑
1,1,12,11,罩
1,1,12,11,技
1,1,12,11,搜
1,1,12,11,索
1,1,12,11,航
1,1,12,11,幻
1,1,12,11,砖
1,1,12,11,咦
1,1,12,11,逐
1,1,12,11,瞧
1,1,12,11,窃
1,2,12,10,介
1,2,12,10,绍
1,2,12,10,录
1,2,12,10,页
1,2,12,10,篇
1,2,12,10,章
1,2,12,10,败
1,2,12,10,鬼
1,2,12,10,申
1,2,12,10,获
1,2,12,10,贫
1,2,12,10,余
1,2,12,10,柜
1,2,12,10,算
1,2,12,10,贯
1,2,12,10,糟
1,2,12,10,暂
1,1,12,11,舔
1,1,12,11,胀
1,1,12,11,揉
1,1,12,11,垂
1,1,12,11,丧
1,1,12,11,丝
1,1,12,11,恰
1,1,12,11,触
1,1,12,11,荡
1,1,12,12,毕
1,1,12,12,届
1,1,12,12,恳
1,1,12,12,仪
1,1,12,12,奏
1,1,12,12,诵
1,1,12,12,馨
1,1,12,12,嘱
1,1,12,12,键
1,1,12,12,羡
1,1,12,12,慕
1,1,12,12,彻
1,2,12,11,隐
1,2,12,11,眨
1,2,12,11,堵
1,2,12,11,塞
1,2,12,11,幻
1,2,12,11,魔
1,2,12,11,瞧
1,2,12,11,尝
1,2,12,11,胀
1,2,12,11,确
1,2,12,11,垂
1,2,12,11,丧
1,2,12,11,丝
1,2,12,11,荡
1,1,12,12,研
1,1,12,12,究
1,1,12,12,碌
1,1,12,12,痕
1,1,12,12,稍
1,1,12,12,召
1,1,12,12,唤
1,1,12,12,途
1,1,12,12,恒
1,1,12,12,孤
1,1,12,12,寂
1,2,12,12,毕
1,2,12,12,恳
1,2,12,12,邀
1,2,12,12,钢
1,2,12,12,琴
1,2,12,12,务
1,2,12,12,绝
1,2,12,12,彻
1,2,12,12,验
1,2,12,12,稍
1,2,12,12,怨
1,2,12,12,弃
1,2,12,12,途
1,2,12,12,废
1,2,12,12,守
2,null,1,1,雨衣
2,null,1,1,耳朵
2,null,1,1,起立
2,null,1,1,行礼
2,null,1,1,坐下
2,null,1,1,举手
2,null,1,1,同学
2,null,1,1,排队
2,null,1,1,吃东西
2,null,1,1,喝水
2,null,1,1,洗手
2,null,1,1,去厕所
2,null,1,2,木马
2,null,1,2,巴士
2,null,1,2,父母
2,null,1,2,女儿
2,null,1,2,爷爷
2,null,1,2,奶奶
2,null,1,2,爸爸
2,null,1,2,妈妈
2,null,1,2,外公
2,null,1,2,外婆
2,null,1,2,哥哥
2,null,1,2,姐姐
2,null,1,2,弟弟
2,null,1,2,妹妹
2,null,1,2,伯伯
2,null,1,2,叔叔
2,null,1,2,姑姑
2,null,1,2,舅舅
2,null,1,2,阿姨
2,null,1,3,哥哥
2,null,1,3,句子
2,null,1,3,可以
2,null,1,3,日历
2,null,1,3,一月
2,null,1,3,二月
2,null,1,3,三月
2,null,1,3,四月
2,null,1,3,五月
2,null,1,3,六月
2,null,1,3,七月
2,null,1,3,八月
2,null,1,3,九月
2,null,1,3,十月
2,null,1,3,十一月
2,null,1,3,十二月
2,null,1,3,星期一
2,null,1,3,星期二
2,null,1,3,星期三
2,null,1,3,星期四
2,null,1,3,星期五
2,null,1,3,星期六
2,null,1,3,星期天(星期日)
2,null,1,3,今天
2,null,1,3,昨天
2,null,1,3,明天
2,null,1,3,今年
2,null,1,3,去年
2,null,1,3,明年
2,null,1,4,巴士
2,null,1,4,一只
2,null,1,4,一把尺
2,null,1,4,读书
2,null,1,4,出去
2,null,1,4,自己
2,null,1,4,跑步
2,null,1,4,打篮球
2,null,1,4,踢球
2,null,1,4,折纸
2,null,1,4,画画
2,null,1,4,下棋
2,null,1,4,唱歌
2,null,1,4,跳舞
2,null,1,4,游泳
2,null,1,4,骑脚踏车
2,null,1,4,跳绳
2,null,1,4,玩游戏
2,null,1,4,捉迷藏
2,null,1,4,踩滑板车
2,null,1,4,放风筝
2,null,1,5,羊毛
2,null,1,5,太阳
2,null,1,5,书包
2,null,1,5,老师
2,null,1,5,早安
2,null,1,5,午安
2,null,1,5,十二点半
2,null,1,5,奶奶
2,null,1,5,玩具
2,null,1,5,六点
2,null,1,5,六点半
2,null,1,5,早上
2,null,1,5,上午
2,null,1,5,中午
2,null,1,5,下午
2,null,1,5,傍晚
2,null,1,5,晚上
2,null,1,5,半夜
2,null,1,5,起床
2,null,1,5,吃早餐
2,null,1,5,上学
2,null,1,5,休息
2,null,1,5,吃午餐
2,null,1,5,放学
2,null,1,5,做功课
2,null,1,5,看动画
2,null,1,5,吃晚餐
2,null,1,5,睡觉
2,null,1,6,竹子
2,null,1,6,男人
2,null,1,6,爷爷
2,null,1,6,姐姐
2,null,1,6,美术室
2,null,1,6,图书馆
2,null,1,6,借书
2,null,1,6,还书
2,null,1,6,电脑室
2,null,1,6,音乐室
2,null,1,6,礼堂
2,null,1,6,集合
2,null,1,6,教员室
2,null,1,6,教室
2,null,1,6,操场
2,null,1,6,病休室
2,null,1,6,办公室
2,null,1,6,牙医室
2,null,1,6,食堂
2,null,1,6,贩卖部
2,null,1,7,芒果
2,null,1,7,木瓜
2,null,1,7,叶子
2,null,1,7,广场
2,null,1,7,蓝色
2,null,1,7,黑色
2,null,1,7,紫色
2,null,1,7,白色
2,null,1,7,黄色
2,null,1,7,绿色
2,null,1,7,橙色
2,null,1,7,红色
2,null,1,7,文具盒
2,null,1,7,文件夹
2,null,1,7,铅笔
2,null,1,7,橡皮
2,null,1,7,彩色笔
2,null,1,7,卷笔刀
2,null,1,7,剪刀
2,null,1,7,水壶
2,null,1,7,蜡笔
2,null,1,7,胶水
2,null,1,7,订书机
2,null,1,8,本子
2,null,1,8,工厂
2,null,1,8,妹妹
2,null,1,8,出门
2,null,1,8,看见
2,null,1,8,头痛
2,null,1,8,它们
2,null,1,8,身体
2,null,1,8,鼻子
2,null,1,8,眼睛
2,null,1,8,嘴巴
2,null,1,8,舌头
2,null,1,8,肚子
2,null,1,8,诊所
2,null,1,8,量体温
2,null,1,8,拉肚子
2,null,1,8,打喷嚏
2,null,1,8,发烧
2,null,1,8,咳嗽
2,null,1,8,流鼻涕
2,null,1,8,感冒
2,null,1,8,吐
2,null,1,8,打针
2,null,1,8,吃药
2,null,1,8,戴口罩
2,null,1,8,搓手液
2,null,1,8,病假单
2,null,1,9,贝壳
2,null,1,9,今天
2,null,1,9,什么
2,null,1,9,华文
2,null,1,9,九点
2,null,1,9,华语
2,null,1,9,课表
2,null,1,9,时间
2,null,1,9,星期
2,null,1,9,星期一
2,null,1,9,星期二
2,null,1,9,星期三
2,null,1,9,星期四
2,null,1,9,星期五
2,null,1,9,升旗礼
2,null,1,9,唱国歌
2,null,1,9,念信约
2,null,1,9,英文
2,null,1,9,体育
2,null,1,9,周会
2,null,1,9,数学
2,null,1,9,音乐
2,null,1,9,美术
2,null,1,10,没有
2,null,1,10,云朵
2,null,1,10,时钟
2,null,1,10,白板
2,null,1,10,板擦
2,null,1,10,电脑
2,null,1,10,桌子
2,null,1,10,椅子
2,null,1,10,扫把
2,null,1,10,畚斗
2,null,1,10,垃圾桶
2,null,1,10,电灯
2,null,1,10,风扇
2,null,1,10,值日表
2,null,1,10,布告板
2,null,1,10,投影机
2,null,1,10,扫地
2,null,1,10,倒垃圾
2,null,1,10,擦白板
2,null,1,10,排桌椅
2,null,1,11,中间
2,null,1,11,左边
2,null,1,11,右边
2,null,1,11,前面
2,null,1,11,后面
2,null,1,11,同学
2,null,1,11,朋友
2,null,1,11,头发
2,null,1,11,画画
2,null,1,11,一起
2,null,1,11,回家
2,null,1,11,周末
2,null,1,11,一年级甲班
2,null,1,11,左
2,null,1,11,右
2,null,1,11,胖
2,null,1,11,瘦
2,null,1,11,高
2,null,1,11,矮
2,null,1,11,头发长
2,null,1,12,包子
2,null,1,12,鸡饭
2,null,1,12,两块半
2,null,1,12,鸭面
2,null,1,12,两元五角
2,null,1,12,饼干
2,null,1,12,小狗
2,null,1,12,喜欢
2,null,1,12,小猫
2,null,1,12,虫子
2,null,1,12,今天
2,null,1,12,唱一唱
2,null,1,12,米饭
2,null,1,12,青菜
2,null,1,12,鱼汤
2,null,1,12,豆腐
2,null,1,12,鸡蛋
2,null,1,12,叉烧饭
2,null,1,12,炒米粉
2,null,1,12,鱼片粥
2,null,1,12,鱼圆面
2,null,1,12,意大利面
2,null,1,12,云吞面
2,null,1,12,杂菜饭
2,null,1,12,鸡腿
2,null,1,12,椰浆饭
2,null,1,12,印度煎饼
2,null,1,12,咖喱鸡
2,null,1,13,牙刷
2,null,1,13,刷牙
2,null,1,13,毛巾
2,null,1,13,抹身体
2,null,1,13,洗发水
2,null,1,13,冲凉房
2,null,1,13,以后
2,null,1,13,洗脸
2,null,1,13,放学
2,null,1,13,冲凉
2,null,1,13,东西
2,null,1,13,以前
2,null,1,13,洗手
2,null,1,13,冲水
2,null,1,13,下雨
2,null,1,13,马上
2,null,1,13,雨点
2,null,1,13,泡泡
2,null,1,13,谢谢
2,null,1,13,牙膏
2,null,1,13,洗手液
2,null,1,13,香皂
2,null,1,13,厕纸
2,null,1,13,沐浴露
2,null,1,13,镜子
2,null,1,13,马桶
2,null,1,13,梳子
2,null,1,13,洗脸盆
2,null,1,13,干净
2,null,1,14,袜子
2,null,1,14,皮鞋
2,null,1,14,衣服
2,null,1,14,被子
2,null,1,14,尺子
2,null,1,14,还是
2,null,1,14,白色
2,null,1,14,红色
2,null,1,14,自己
2,null,1,14,动作
2,null,1,14,收拾
2,null,1,14,房间
2,null,1,14,闹钟
2,null,1,14,床
2,null,1,14,枕头
2,null,1,14,抱枕
2,null,1,14,睡衣
2,null,1,14,衣橱
2,null,1,14,T恤
2,null,1,14,裙子
2,null,1,14,校服
2,null,1,14,裤子
2,null,1,14,书橱
2,null,1,14,桌灯
2,null,1,14,抽屉
2,null,1,14,书桌
2,null,1,15,芒果
2,null,1,15,甘蔗汁
2,null,1,15,公斤
2,null,1,15,一大串
2,null,1,15,弯弯的
2,null,1,15,办法
2,null,1,15,圆圆的
2,null,1,15,切开
2,null,1,15,怎么
2,null,1,15,喜欢
2,null,1,15,水果
2,null,1,15,西瓜
2,null,1,15,梨
2,null,1,15,蜜瓜
2,null,1,15,火龙果
2,null,1,15,龙眼
2,null,1,15,黄梨
2,null,1,15,山竹
2,null,1,15,榴梿
2,null,1,15,香香的
2,null,1,15,臭臭的
2,null,1,15,葡萄
2,null,1,15,草莓
2,null,1,15,蓝莓
2,null,1,15,奇异果
2,null,1,15,杨桃
2,null,1,15,红毛丹
2,null,1,15,苹果
2,null,1,15,橙
2,null,1,15,苦苦的
2,null,1,16,扫地
2,null,1,16,窗户
2,null,1,16,桌子
2,null,1,16,椅子
2,null,1,16,兄弟
2,null,1,16,父母
2,null,1,16,房间
2,null,1,16,阿姨
2,null,1,16,叔叔
2,null,1,16,写字
2,null,1,16,你们
2,null,1,16,作业
2,null,1,16,爸爸
2,null,1,16,妈妈
2,null,1,16,进门
2,null,1,16,干净
2,null,1,16,打扫
2,null,1,16,听见
2,null,1,16,笑声
2,null,1,16,客厅
2,null,1,16,冰箱
2,null,1,16,茶几
2,null,1,16,沙发
2,null,1,16,吸尘机
2,null,1,16,冷气机
2,null,1,16,厨房
2,null,1,16,洗碗
2,null,1,16,抹地
2,null,1,16,抹窗
2,null,1,16,浇花
2,null,1,16,折衣服
2,null,1,17,昨天
2,null,1,17,晚上
2,null,1,17,星星
2,null,1,17,明天
2,null,1,17,庆祝
2,null,1,17,中秋节
2,null,1,17,国庆日
2,null,1,17,快乐
2,null,1,17,没有
2,null,1,17,上课
2,null,1,17,台上
2,null,1,17,这里
2,null,1,17,老师
2,null,1,17,讲故事
2,null,1,17,每个
2,null,1,17,儿童节
2,null,1,17,因为
2,null,1,17,唱爱国歌曲
2,null,1,17,挂国旗
2,null,1,17,教师节
2,null,1,17,送卡片
2,null,1,17,猜灯谜
2,null,1,17,赏月
2,null,1,17,提灯笼
2,null,1,17,吃月饼
2,null,1,17,玩烟花棒
2,null,1,17,表演节目
2,null,1,17,看表演
2,null,1,18,兔子
2,null,1,18,尾巴
2,null,1,18,眼睛
2,null,1,18,爪子
2,null,1,18,动物
2,null,1,18,力气
2,null,1,18,老虎
2,null,1,18,狮子
2,null,1,18,动物园
2,null,1,18,星期天
2,null,1,18,弟弟
2,null,1,18,妹妹
2,null,1,18,我们
2,null,1,18,黑猩猩
2,null,1,18,认字
2,null,1,18,说话
2,null,1,18,孩子们
2,null,1,18,蛇
2,null,1,18,猩猩
2,null,1,18,袋鼠
2,null,1,18,水獭
2,null,1,18,蜥蜴
2,null,1,18,斑马
2,null,1,18,鳄鱼
2,null,1,18,熊
2,null,1,18,豹
2,null,1,18,犀牛
2,null,1,19,组屋
2,null,1,19,公园
2,null,1,19,学校
2,null,1,19,广场
2,null,1,19,商店
2,null,1,19,电梯
2,null,1,19,自动扶梯
2,null,1,19,姐姐
2,null,1,19,常常
2,null,1,19,打球
2,null,1,19,跑步
2,null,1,19,哥哥
2,null,1,19,图书馆
2,null,1,19,学习
2,null,1,19,伙伴
2,null,1,19,一起
2,null,1,19,来到
2,null,1,19,游乐场
2,null,1,19,拍皮球
2,null,1,19,高高兴兴
2,null,1,19,游戏
2,null,1,19,开开心心
2,null,1,19,商场
2,null,1,19,超市
2,null,1,19,民众俱乐部
2,null,1,19,邻里警局
2,null,1,19,咖啡店
2,null,1,19,便利店
2,null,1,19,杂货店
2,null,1,19,熟食中心
2,null,1,19,巴刹
2,null,1,19,游泳池
2,null,1,19,面包店
2,null,1,19,理发店
2,null,1,19,停车场
2,null,1,19,地铁站
2,null,1,19,巴士站
2,null,7,1,雨衣
2,null,7,1,耳朵
2,null,7,1,起立
2,null,7,1,行礼
2,null,7,1,坐下
2,null,7,1,举手
2,null,7,1,同学
2,null,7,1,排队
2,null,7,1,吃东西
2,null,7,1,喝水
2,null,7,1,洗手
2,null,7,1,去厕所
2,null,7,2,木马
2,null,7,2,巴士
2,null,7,2,父母
2,null,7,2,女儿
2,null,7,2,爷爷
2,null,7,2,奶奶
2,null,7,2,爸爸
2,null,7,2,妈妈
2,null,7,2,外公
2,null,7,2,外婆
2,null,7,2,哥哥
2,null,7,2,姐姐
2,null,7,2,弟弟
2,null,7,2,妹妹
2,null,7,2,伯伯
2,null,7,2,叔叔
2,null,7,2,姑姑
2,null,7,2,舅舅
2,null,7,2,阿姨
2,null,7,3,哥哥
2,null,7,3,句子
2,null,7,3,可以
2,null,7,3,日历
2,null,7,3,一月
2,null,7,3,二月
2,null,7,3,三月
2,null,7,3,四月
2,null,7,3,五月
2,null,7,3,六月
2,null,7,3,七月
2,null,7,3,八月
2,null,7,3,九月
2,null,7,3,十月
2,null,7,3,十一月
2,null,7,3,十二月
2,null,7,3,星期一
2,null,7,3,星期二
2,null,7,3,星期三
2,null,7,3,星期四
2,null,7,3,星期五
2,null,7,3,星期六
2,null,7,3,星期天(星期日)
2,null,7,3,今天
2,null,7,3,昨天
2,null,7,3,明天
2,null,7,3,今年
2,null,7,3,去年
2,null,7,3,明年
2,null,7,4,巴士
2,null,7,4,一只
2,null,7,4,一把尺
2,null,7,4,读书
2,null,7,4,出去
2,null,7,4,自己
2,null,7,4,跑步
2,null,7,4,打篮球
2,null,7,4,踢球
2,null,7,4,折纸
2,null,7,4,画画
2,null,7,4,下棋
2,null,7,4,唱歌
2,null,7,4,跳舞
2,null,7,4,游泳
2,null,7,4,骑脚踏车
2,null,7,4,跳绳
2,null,7,4,玩游戏
2,null,7,4,捉迷藏
2,null,7,4,踩滑板车
2,null,7,4,放风筝
2,null,7,5,羊毛
2,null,7,5,太阳
2,null,7,5,书包
2,null,7,5,老师
2,null,7,5,早安
2,null,7,5,午安
2,null,7,5,十二点半
2,null,7,5,奶奶
2,null,7,5,玩具
2,null,7,5,六点
2,null,7,5,六点半
2,null,7,5,早上
2,null,7,5,上午
2,null,7,5,中午
2,null,7,5,下午
2,null,7,5,傍晚
2,null,7,5,晚上
2,null,7,5,半夜
2,null,7,5,起床
2,null,7,5,吃早餐
2,null,7,5,上学
2,null,7,5,休息
2,null,7,5,吃午餐
2,null,7,5,放学
2,null,7,5,做功课
2,null,7,5,看动画
2,null,7,5,吃晚餐
2,null,7,5,睡觉
2,null,7,6,竹子
2,null,7,6,男人
2,null,7,6,爷爷
2,null,7,6,姐姐
2,null,7,6,美术室
2,null,7,6,图书馆
2,null,7,6,借书
2,null,7,6,还书
2,null,7,6,电脑室
2,null,7,6,音乐室
2,null,7,6,礼堂
2,null,7,6,集合
2,null,7,6,教员室
2,null,7,6,教室
2,null,7,6,操场
2,null,7,6,病休室
2,null,7,6,办公室
2,null,7,6,牙医室
2,null,7,6,食堂
2,null,7,6,贩卖部
2,null,7,7,芒果
2,null,7,7,木瓜
2,null,7,7,叶子
2,null,7,7,广场
2,null,7,7,蓝色
2,null,7,7,黑色
2,null,7,7,紫色
2,null,7,7,白色
2,null,7,7,黄色
2,null,7,7,绿色
2,null,7,7,橙色
2,null,7,7,红色
2,null,7,7,文具盒
2,null,7,7,文件夹
2,null,7,7,铅笔
2,null,7,7,橡皮
2,null,7,7,彩色笔
2,null,7,7,卷笔刀
2,null,7,7,剪刀
2,null,7,7,水壶
2,null,7,7,蜡笔
2,null,7,7,胶水
2,null,7,7,订书机
2,null,1,8,体温计
2,null,7,8,本子
2,null,7,8,工厂
2,null,7,8,妹妹
2,null,7,8,出门
2,null,7,8,看见
2,null,7,8,头痛
2,null,7,8,它们
2,null,7,8,身体
2,null,7,8,鼻子
2,null,7,8,眼睛
2,null,7,8,嘴巴
2,null,7,8,舌头
2,null,7,8,肚子
2,null,7,8,诊所
2,null,7,8,量体温
2,null,7,8,拉肚子
2,null,7,8,打喷嚏
2,null,7,8,发烧
2,null,7,8,咳嗽
2,null,7,8,流鼻涕
2,null,7,8,感冒
2,null,7,8,吐
2,null,7,8,打针
2,null,7,8,吃药
2,null,7,8,戴口罩
2,null,7,8,搓手液
2,null,7,9,贝壳
2,null,7,9,今天
2,null,7,9,什么
2,null,7,9,华文
2,null,7,9,九点
2,null,7,9,华语
2,null,7,9,课表
2,null,7,9,时间
2,null,7,9,星期
2,null,7,9,星期一
2,null,7,9,星期二
2,null,7,9,星期三
2,null,7,9,星期四
2,null,7,9,星期五
2,null,7,9,升旗礼
2,null,7,9,唱国歌
2,null,7,9,念信约
2,null,7,9,英文
2,null,7,9,体育
2,null,7,9,周会
2,null,7,9,数学
2,null,7,9,音乐
2,null,7,9,美术
2,null,7,10,没有
2,null,7,10,云朵
2,null,7,10,时钟
2,null,7,10,白板
2,null,7,10,板擦
2,null,7,10,电脑
2,null,7,10,桌子
2,null,7,10,椅子
2,null,7,10,扫把
2,null,7,10,畚斗
2,null,7,10,垃圾桶
2,null,7,10,电灯
2,null,7,10,风扇
2,null,7,10,值日表
2,null,7,10,布告板
2,null,7,10,投影机
2,null,7,10,扫地
2,null,7,10,倒垃圾
2,null,7,10,擦白板
2,null,7,10,排桌椅
2,null,1,11,头发短
2,null,1,11,头发卷卷的
2,null,1,11,头发直直的
2,null,1,11,脸圆圆的
2,null,1,11,脸尖尖的
2,null,1,11,戴眼镜
2,null,7,11,中间
2,null,7,11,左边
2,null,7,11,右边
2,null,7,11,同学
2,null,7,11,朋友
2,null,7,11,头发
2,null,7,11,画画
2,null,7,11,一起
2,null,7,11,回家
2,null,7,11,周末
2,null,7,11,一年级甲班
2,null,7,11,前面
2,null,7,11,后面
2,null,7,11,左
2,null,7,12,鸡饭
2,null,7,12,两块半
2,null,7,12,鸭面
2,null,7,12,两元五角
2,null,7,12,饼干
2,null,7,12,小狗
2,null,7,12,喜欢
2,null,7,12,小猫
2,null,7,12,妈妈
2,null,7,12,今天
2,null,7,12,唱一唱
2,null,7,12,米饭
2,null,7,12,青菜
2,null,7,12,鱼汤
2,null,7,12,豆腐
2,null,7,12,鸡蛋
2,null,7,12,叉烧饭
2,null,7,12,炒米粉
2,null,7,12,鱼片粥
2,null,7,12,包子
2,null,7,12,鱼圆面
2,null,7,12,意大利面
2,null,7,12,云吞面
2,null,7,12,杂菜饭
2,null,7,12,鸡腿
2,null,7,12,椰浆饭
2,null,7,12,印度煎饼
2,null,7,12,咖喱鸡
2,null,7,13,牙刷
2,null,7,13,刷牙
2,null,7,13,毛巾
2,null,7,13,抹身体
2,null,7,13,洗发水
2,null,7,13,冲凉房
2,null,7,13,以后
2,null,7,13,洗脸
2,null,7,13,放学
2,null,7,13,冲凉
2,null,7,13,东西
2,null,7,13,以前
2,null,7,13,洗手
2,null,7,13,冲水
2,null,7,13,下雨
2,null,7,13,雨点
2,null,7,13,泡泡
2,null,7,13,谢谢
2,null,7,13,牙膏
2,null,7,13,洗手液
2,null,7,13,香皂
2,null,7,13,厕纸
2,null,7,13,沐浴露
2,null,7,13,镜子
2,null,7,13,马桶
2,null,7,13,梳子
2,null,7,13,洗脸盆
2,null,7,13,干净
2,null,1,14,椅子
2,null,7,14,袜子
2,null,7,14,皮鞋
2,null,7,14,衣服
2,null,7,14,被子
2,null,7,14,还是
2,null,7,14,白色
2,null,7,14,红色
2,null,7,14,自己
2,null,7,14,起来
2,null,7,14,动作
2,null,7,14,收拾
2,null,7,14,房间
2,null,7,14,闹钟
2,null,7,14,床
2,null,7,14,枕头
2,null,7,14,抱枕
2,null,7,14,睡衣
2,null,7,14,衣橱
2,null,7,14,T恤
2,null,7,14,裙子
2,null,7,14,校服
2,null,7,14,裤子
2,null,7,14,书橱
2,null,7,14,桌灯
2,null,7,14,抽屉
2,null,1,15,酸酸的
2,null,1,15,甜甜的
2,null,7,15,芒果
2,null,7,15,甘蔗汁
2,null,7,15,公斤
2,null,7,15,一大串
2,null,7,15,弯弯的
2,null,7,15,办法
2,null,7,15,圆圆的
2,null,7,15,切开
2,null,7,15,怎么
2,null,7,15,喜欢
2,null,7,15,水果
2,null,7,15,西瓜
2,null,7,15,梨
2,null,7,15,蜜瓜
2,null,7,15,火龙果
2,null,7,15,龙眼
2,null,7,15,黄梨
2,null,7,15,山竹
2,null,7,15,榴梿
2,null,7,15,香香的
2,null,7,15,臭臭的
2,null,7,15,葡萄
2,null,7,15,草莓
2,null,7,15,蓝莓
2,null,7,15,奇异果
2,null,7,15,杨桃
2,null,7,15,红毛丹
2,null,7,15,苹果
2,null,7,16,扫地
2,null,7,16,窗户
2,null,7,16,桌子
2,null,7,16,椅子
2,null,7,16,兄弟
2,null,7,16,父母
2,null,7,16,房间
2,null,7,16,阿姨
2,null,7,16,叔叔
2,null,7,16,写字
2,null,7,16,你们
2,null,7,16,作业
2,null,7,16,爸爸
2,null,7,16,进门
2,null,7,16,干净
2,null,7,16,打扫
2,null,7,16,听见
2,null,7,16,笑声
2,null,7,16,客厅
2,null,7,16,冰箱
2,null,7,16,茶几
2,null,7,16,沙发
2,null,7,16,吸尘机
2,null,7,16,冷气机
2,null,7,16,厨房
2,null,7,16,洗碗
2,null,7,16,抹地
2,null,7,16,抹窗
2,null,7,16,浇花
2,null,7,16,折衣服
2,null,7,17,昨天
2,null,7,17,晚上
2,null,7,17,星星
2,null,7,17,明天
2,null,7,17,庆祝
2,null,7,17,中秋节
2,null,7,17,国庆日
2,null,7,17,快乐
2,null,7,17,没有
2,null,7,17,上课
2,null,7,17,台上
2,null,7,17,这里
2,null,7,17,老师
2,null,7,17,讲故事
2,null,7,17,每个
2,null,7,17,儿童节
2,null,7,17,因为
2,null,7,17,唱爱国歌曲
2,null,7,17,挂国旗
2,null,7,17,教师节
2,null,7,17,送卡片
2,null,7,17,猜灯谜
2,null,7,17,赏月
2,null,7,17,提灯笼
2,null,7,17,吃月饼
2,null,7,17,玩烟花棒
2,null,7,17,表演节目
2,null,7,17,看表演
2,null,1,18,长颈鹿
2,null,1,18,鼻子
2,null,1,18,颈项
2,null,7,18,兔子
2,null,7,18,尾巴
2,null,7,18,眼睛
2,null,7,18,爪子
2,null,7,18,动物
2,null,7,18,力气
2,null,7,18,老虎
2,null,7,18,狮子
2,null,7,18,动物园
2,null,7,18,星期天
2,null,7,18,弟弟
2,null,7,18,妹妹
2,null,7,18,我们
2,null,7,18,黑猩猩
2,null,7,18,认字
2,null,7,18,说话
2,null,7,18,孩子们
2,null,7,18,蛇
2,null,7,18,猩猩
2,null,7,18,袋鼠
2,null,7,18,水獭
2,null,7,18,蜥蜴
2,null,7,18,斑马
2,null,7,18,鳄鱼
2,null,7,19,组屋
2,null,7,19,公园
2,null,7,19,学校
2,null,7,19,广场
2,null,7,19,商店
2,null,7,19,电梯
2,null,7,19,自动扶梯
2,null,7,19,姐姐
2,null,7,19,常常
2,null,7,19,打球
2,null,7,19,跑步
2,null,7,19,哥哥
2,null,7,19,图书馆
2,null,7,19,学习
2,null,7,19,伙伴
2,null,7,19,来到
2,null,7,19,游乐场
2,null,7,19,拍皮球
2,null,7,19,高高兴兴
2,null,7,19,游戏
2,null,7,19,开开心心
2,null,7,19,商场
2,null,7,19,超市
2,null,7,19,民众俱乐部
2,null,7,19,邻里警局
2,null,7,19,咖啡店
2,null,7,19,便利店
2,null,7,19,杂货店
2,null,7,19,熟食中心
2,null,7,19,巴刹
2,null,7,19,游泳池
2,null,7,19,面包店
2,null,7,19,理发店
2,null,7,19,停车场
2,null,7,19,地铁站
2,null,7,19,巴士站
2,null,2,1,父亲
2,null,2,1,母亲
2,null,2,1,兄弟
2,null,2,1,过去
2,null,2,1,现在
2,null,2,1,这些
2,null,2,1,合适
2,null,2,1,拿出
2,null,2,1,试一试
2,null,2,1,今年
2,null,2,1,年级
2,null,2,1,折衣服
2,null,2,1,专心
2,null,2,1,帮助
2,null,2,1,运动衣
2,null,2,1,背心
2,null,2,1,外套
2,null,2,1,衬衫
2,null,2,1,牛仔裤
2,null,2,1,连衣裙
2,null,2,1,袖子
2,null,2,1,领子
2,null,2,1,口袋
2,null,2,1,拖鞋
2,null,2,1,凉鞋
2,null,2,1,运动鞋
2,null,2,1,皮鞋
2,null,2,1,领带
2,null,2,1,皮带
2,null,2,1,拉拉链
2,null,2,1,扣纽扣
2,null,2,1,系鞋带
2,null,2,1,脱鞋子
2,null,2,2,大吉大利
2,null,2,2,岁岁平安
2,null,2,2,年年有余
2,null,2,2,全家
2,null,2,2,大扫除
2,null,2,2,“福”字
2,null,2,2,贴春联
2,null,2,2,年花
2,null,2,2,表演
2,null,2,2,舞龙
2,null,2,2,舞狮
2,null,2,2,外婆
2,null,2,2,拜年
2,null,2,2,拿着
2,null,2,2,身体
2,null,2,2,学业
2,null,2,2,接过
2,null,2,2,鸡蛋卷
2,null,2,2,买年货
2,null,2,2,吃团圆饭
2,null,2,2,柑
2,null,2,2,红包
2,null,2,2,贺年卡
2,null,2,2,年糕
2,null,2,2,肉干
2,null,2,2,黄梨挞
2,null,2,2,春联
2,null,2,2,龙
2,null,2,2,狮子
2,null,2,2,鞭炮
2,null,2,2,旗袍
2,null,2,2,唐装
2,null,2,3,筷子
2,null,2,3,杯子
2,null,2,3,水壶
2,null,2,3,客人
2,null,2,3,主人
2,null,2,3,汽水
2,null,2,3,朋友
2,null,2,3,耳朵
2,null,2,3,肉骨头
2,null,2,3,伸出
2,null,2,3,舌头
2,null,2,3,原来
2,null,2,3,各自
2,null,2,3,一定
2,null,2,3,第二天
2,null,2,3,非常
2,null,2,3,汤匙
2,null,2,3,叉子
2,null,2,3,盘子
2,null,2,3,碟子
2,null,2,3,香肠
2,null,2,3,肉丸
2,null,2,3,火锅
2,null,2,3,汤勺
2,null,2,3,冰水
2,null,2,3,橙汁
2,null,2,3,温水
2,null,2,3,番茄酱
2,null,2,3,辣椒酱
2,null,2,3,一双筷子
2,null,2,3,一根香肠
2,null,2,3,一粒肉丸
2,null,2,3,一杯温水
2,null,2,3,一罐汽水
2,null,2,3,一瓶番茄酱
2,null,2,4,一棵树
2,null,2,4,一排树
2,null,2,4,一片树林
2,null,2,4,树林
2,null,2,4,圆形
2,null,2,4,三角形
2,null,2,4,然后
2,null,2,4,众人
2,null,2,4,颜色
2,null,2,4,一共
2,null,2,4,天空
2,null,2,4,太阳
2,null,2,4,云朵
2,null,2,4,彩色笔
2,null,2,4,蓝色
2,null,2,4,红色
2,null,2,4,绿色
2,null,2,4,黄色
2,null,2,4,直线
2,null,2,4,正方形
2,null,2,4,长方形
2,null,2,4,半圆形
2,null,2,4,椭圆形
2,null,2,4,蜡笔
2,null,2,4,水彩
2,null,2,4,水彩笔
2,null,2,4,胶水
2,null,2,4,胶带
2,null,2,4,订书机
2,null,2,4,订书钉
2,null,2,4,打孔机
2,null,2,4,调色盘
2,null,2,5,音乐室
2,null,2,5,哪里
2,null,2,5,顶楼
2,null,2,5,美术室
2,null,2,5,旁边
2,null,2,5,向前走
2,null,2,5,足球场
2,null,2,5,往右转
2,null,2,5,操场
2,null,2,5,运动
2,null,2,5,问路
2,null,2,5,奶奶
2,null,2,5,迷路
2,null,2,5,山坡
2,null,2,5,回答
2,null,2,5,笑着
2,null,2,5,已经
2,null,2,5,篮球场
2,null,2,5,生态园
2,null,2,5,室内体育馆
2,null,2,5,学习角落
2,null,2,5,舞蹈室
2,null,2,5,教员室
2,null,2,5,校长室
2,null,2,5,贩卖部
2,null,2,5,电梯
2,null,2,5,楼梯
2,null,2,5,上楼
2,null,2,5,下楼
2,null,2,5,向左转
2,null,2,5,往前走
2,null,2,6,学校
2,null,2,6,脚踏车
2,null,2,6,应该
2,null,2,6,行人
2,null,2,6,行人天桥
2,null,2,6,绿灯
2,null,2,6,邻居
2,null,2,6,互相
2,null,2,6,早安
2,null,2,6,阳光
2,null,2,6,美丽
2,null,2,6,跑步
2,null,2,6,校车
2,null,2,6,德士
2,null,2,6,摩托车
2,null,2,6,地铁
2,null,2,6,十字路口
2,null,2,6,红绿灯
2,null,2,6,地下通道
2,null,2,6,脚踏车道
2,null,2,6,人行道
2,null,2,6,斑马线
2,null,2,6,双层巴士
2,null,2,6,轻轨列车
2,null,2,7,奶茶
2,null,2,7,炒饭
2,null,2,7,炸鸡
2,null,2,7,青菜
2,null,2,7,冰水
2,null,2,7,温水
2,null,2,7,咖啡
2,null,2,7,排队
2,null,2,7,座位
2,null,2,7,特别
2,null,2,7,星期六
2,null,2,7,早餐
2,null,2,7,闻到
2,null,2,7,香味
2,null,2,7,走进
2,null,2,7,食物
2,null,2,7,分工合作
2,null,2,7,懂事
2,null,2,7,虾面
2,null,2,7,猪肠粉
2,null,2,7,炒萝卜糕
2,null,2,7,炒粿条
2,null,2,7,猪肉粥
2,null,2,7,油条
2,null,2,7,烤面包
2,null,2,7,咖耶
2,null,2,7,牛油
2,null,2,7,荷包蛋
2,null,2,7,半生熟蛋
2,null,2,7,牛奶
2,null,2,7,豆奶
2,null,2,7,酱油
2,null,2,7,酱青
2,null,2,7,胡椒粉
2,null,2,7,干的
2,null,2,7,汤的
2,null,2,7,少油
2,null,2,7,不要辣
2,null,2,8,医生
2,null,2,8,看病
2,null,2,8,护士
2,null,2,8,照顾
2,null,2,8,爷爷
2,null,2,8,小贩
2,null,2,8,卖菜
2,null,2,8,教师
2,null,2,8,教书
2,null,2,8,种花
2,null,2,8,阿姨
2,null,2,8,演员
2,null,2,8,消防员
2,null,2,8,发生
2,null,2,8,火灾
2,null,2,8,灭火
2,null,2,8,保护
2,null,2,8,坏人
2,null,2,8,建筑师
2,null,2,8,房子
2,null,2,8,建筑工人
2,null,2,8,建造房屋
2,null,2,8,清洁工人
2,null,2,8,清理垃圾
2,null,2,8,演戏
2,null,2,8,园丁
2,null,2,8,警察
2,null,2,8,抓坏人
2,null,2,8,卖东西
2,null,2,8,照顾病人
2,null,2,8,司机
2,null,2,8,开车
2,null,2,9,乌云
2,null,2,9,乌云密布
2,null,2,9,电闪雷鸣
2,null,2,9,雨过天晴
2,null,2,9,风和日丽
2,null,2,9,刮风
2,null,2,9,记得
2,null,2,9,窗户
2,null,2,9,忘记
2,null,8,1,父亲
2,null,8,1,母亲
2,null,8,1,过去
2,null,8,1,现在
2,null,8,1,这些
2,null,8,1,合适
2,null,8,1,拿出
2,null,8,1,试一试
2,null,8,1,今年
2,null,8,1,年级
2,null,8,1,折衣服
2,null,8,1,专心
2,null,8,1,帮助
2,null,8,1,运动衣
2,null,8,1,背心
2,null,8,1,外套
2,null,8,1,衬衫
2,null,8,1,牛仔裤
2,null,8,1,连衣裙
2,null,8,1,袖子
2,null,8,1,领子
2,null,8,1,口袋
2,null,8,1,拖鞋
2,null,8,1,凉鞋
2,null,8,1,运动鞋
2,null,8,1,皮鞋
2,null,8,1,领带
2,null,8,1,皮带
2,null,8,1,拉拉链
2,null,8,1,扣纽扣
2,null,8,1,系鞋带
2,null,8,1,脱鞋子
2,null,8,2,新年
2,null,8,2,大吉大利
2,null,8,2,岁岁平安
2,null,8,2,年年有余
2,null,8,2,全家
2,null,8,2,大扫除
2,null,8,2,“福”字
2,null,8,2,贴春联
2,null,8,2,表演
2,null,8,2,舞龙
2,null,8,2,舞狮
2,null,8,2,外婆
2,null,8,2,拜年
2,null,8,2,身体
2,null,8,2,学业
2,null,8,2,接过
2,null,8,2,鸡蛋卷
2,null,8,2,买年货
2,null,8,2,吃团圆饭
2,null,8,2,柑
2,null,8,2,红包
2,null,8,2,贺年卡
2,null,8,2,年花
2,null,8,2,年糕
2,null,8,2,肉干
2,null,8,2,黄梨挞
2,null,8,2,春联
2,null,8,2,龙
2,null,8,2,狮子
2,null,8,2,鞭炮
2,null,8,2,旗袍
2,null,8,2,唐装
2,null,8,3,筷子
2,null,8,3,杯子
2,null,8,3,水壶
2,null,8,3,客人
2,null,8,3,主人
2,null,8,3,汽水
2,null,8,3,请客
2,null,8,3,耳朵
2,null,8,3,肉骨头
2,null,8,3,伸出
2,null,8,3,舌头
2,null,8,3,原来
2,null,8,3,各自
2,null,8,3,青草
2,null,8,3,一定
2,null,8,3,第二天
2,null,8,3,非常
2,null,8,3,汤匙
2,null,8,3,叉子
2,null,8,3,盘子
2,null,8,3,碟子
2,null,8,3,香肠
2,null,8,3,肉丸
2,null,8,3,火锅
2,null,8,3,汤勺
2,null,8,3,冰水
2,null,8,3,橙汁
2,null,8,3,温水
2,null,8,3,番茄酱
2,null,8,3,辣椒酱
2,null,8,3,一双筷子
2,null,8,3,一根香肠
2,null,8,3,一粒肉丸
2,null,8,3,一杯温水
2,null,8,3,一罐汽水
2,null,8,3,一瓶番茄酱
2,null,8,4,一棵树
2,null,8,4,一排树
2,null,8,4,一片树林
2,null,8,4,树林
2,null,8,4,圆形
2,null,8,4,三角形
2,null,8,4,然后
2,null,8,4,众人
2,null,8,4,颜色
2,null,8,4,一共
2,null,8,4,天空
2,null,8,4,太阳
2,null,8,4,云朵
2,null,8,4,彩色笔
2,null,8,4,蓝色
2,null,8,4,绿色
2,null,8,4,黄色
2,null,8,4,直线
2,null,8,4,正方形
2,null,8,4,长方形
2,null,8,4,半圆形
2,null,8,4,椭圆形
2,null,8,4,蜡笔
2,null,8,4,水彩
2,null,8,4,水彩笔
2,null,8,4,胶水
2,null,8,4,胶带
2,null,8,4,订书机
2,null,8,4,订书钉
2,null,8,4,打孔机
2,null,8,4,调色盘
2,null,8,5,音乐室
2,null,8,5,哪里
2,null,8,5,顶楼
2,null,8,5,美术室
2,null,8,5,旁边
2,null,8,5,向前走
2,null,8,5,足球场
2,null,8,5,往右转
2,null,8,5,操场
2,null,8,5,运动
2,null,8,5,问路
2,null,8,5,奶奶
2,null,8,5,迷路
2,null,8,5,山坡
2,null,8,5,直走
2,null,8,5,回答
2,null,8,5,笑着
2,null,8,5,已经
2,null,8,5,篮球场
2,null,8,5,生态园
2,null,8,5,室内体育馆
2,null,8,5,学习角落
2,null,8,5,舞蹈室
2,null,8,5,教员室
2,null,8,5,校长室
2,null,8,5,贩卖部
2,null,8,5,电梯
2,null,8,5,楼梯
2,null,8,5,上楼
2,null,8,5,下楼
2,null,8,5,向左转
2,null,8,5,往前走
2,null,8,6,脚踏车
2,null,8,6,应该
2,null,8,6,行人
2,null,8,6,行人天桥
2,null,8,6,绿灯
2,null,8,6,邻居
2,null,8,6,互相
2,null,8,6,早安
2,null,8,6,两旁
2,null,8,6,阳光
2,null,8,6,美丽
2,null,8,6,跑步
2,null,8,6,校车
2,null,8,6,德士
2,null,8,6,摩托车
2,null,8,6,地铁
2,null,8,6,十字路口
2,null,8,6,红绿灯
2,null,8,6,地下通道
2,null,8,6,脚踏车道
2,null,8,6,人行道
2,null,8,6,斑马线
2,null,8,6,双层巴士
2,null,8,6,轻轨列车
2,null,8,7,奶茶
2,null,8,7,炒饭
2,null,8,7,炸鸡
2,null,8,7,冰水
2,null,8,7,温水
2,null,8,7,咖啡
2,null,8,7,排队
2,null,8,7,座位
2,null,8,7,特别
2,null,8,7,星期六
2,null,8,7,早餐
2,null,8,7,闻到
2,null,8,7,香味
2,null,8,7,走进
2,null,8,7,食物
2,null,8,7,分工合作
2,null,8,7,收拾
2,null,8,7,懂事
2,null,8,7,虾面
2,null,8,7,猪肠粉
2,null,8,7,炒萝卜糕
2,null,8,7,炒粿条
2,null,8,7,猪肉粥
2,null,8,7,油条
2,null,8,7,烤面包
2,null,8,7,咖耶
2,null,8,7,牛油
2,null,8,7,荷包蛋
2,null,8,7,半生熟蛋
2,null,8,7,牛奶
2,null,8,7,豆奶
2,null,8,7,酱油
2,null,8,7,酱青
2,null,8,7,胡椒粉
2,null,8,7,干的
2,null,8,7,汤的
2,null,8,7,少油
2,null,8,7,不要辣
2,null,8,8,医生
2,null,8,8,看病
2,null,8,8,护士
2,null,8,8,照顾
2,null,8,8,爷爷
2,null,8,8,小贩
2,null,8,8,卖菜
2,null,8,8,教师
2,null,8,8,教书
2,null,8,8,种花
2,null,8,8,阿姨
2,null,8,8,演员
2,null,8,8,消防员
2,null,8,8,发生
2,null,8,8,火灾
2,null,8,8,灭火
2,null,8,8,保护
2,null,8,8,坏人
2,null,8,8,全都
2,null,8,8,建筑师
2,null,8,8,房子
2,null,8,8,建筑工人
2,null,8,8,建造房屋
2,null,8,8,清洁工人
2,null,8,8,清理垃圾
2,null,8,8,演戏
2,null,8,8,园丁
2,null,8,8,警察
2,null,8,8,抓坏人
2,null,8,8,卖东西
2,null,8,8,照顾病人
2,null,8,8,司机
2,null,8,8,开车
2,null,8,9,乌云
2,null,8,9,乌云密布
2,null,8,9,电闪雷鸣
2,null,8,9,雨过天晴
2,null,8,9,风和日丽
2,null,8,9,刮风
2,null,8,9,记得
2,null,8,9,窗户
2,null,8,9,忘记
2,null,3,1,当
2,null,3,1,篇
2,null,3,1,翻
2,null,3,1,页
2,null,3,1,将来
2,null,3,1,司机
2,null,3,1,希望
2,null,3,1,军人
2,null,3,1,保卫
2,null,3,1,成为
2,null,3,1,练习
2,null,3,1,努力
2,null,3,1,愿望
2,null,3,1,总是
2,null,3,1,实现
2,null,3,1,复习
2,null,3,1,争取
2,null,3,1,举手
2,null,3,1,样子
2,null,3,1,科学家
2,null,3,1,一件事
2,null,3,2,姓
2,null,3,2,陈
2,null,3,2,名
2,null,3,2,胖
2,null,3,2,瘦
2,null,3,2,李
2,null,3,2,矮
2,null,3,2,脸
2,null,3,2,卷
2,null,3,2,猪
2,null,3,2,帮手
2,null,3,2,叔叔
2,null,3,2,阿姨
2,null,3,2,有趣
2,null,3,2,意思
2,null,3,2,强壮
2,null,3,2,福气
2,null,3,2,一些
2,null,3,2,问题
2,null,3,2,后退
2,null,3,2,相信
2,null,3,2,一定
2,null,3,3,辆
2,null,3,3,按
2,null,3,3,蓝色
2,null,3,3,盖子
2,null,3,3,吸管
2,null,3,3,闹钟
2,null,3,3,伙伴
2,null,3,3,背着
2,null,3,3,手表
2,null,3,3,颜色
2,null,3,3,旁边
2,null,3,3,睡觉
2,null,3,3,准时
2,null,3,3,改掉
2,null,3,3,迟到
2,null,3,3,习惯
2,null,3,3,陪伴
2,null,3,3,长方形
2,null,3,3,三角形
2,null,3,4,喊
2,null,3,4,披
2,null,3,4,绿豆
2,null,3,4,变化
2,null,3,4,发芽
2,null,3,4,健康
2,null,3,4,幼苗
2,null,3,4,摆动
2,null,3,4,后腿
2,null,3,4,哪里
2,null,3,4,乌龟
2,null,3,4,青蛙
2,null,3,4,孩子
2,null,3,4,已经
2,null,3,4,越来越……
2,null,3,5,逛
2,null,3,5,尝
2,null,3,5,束
2,null,3,5,贴
2,null,3,5,展览
2,null,3,5,傍晚
2,null,3,5,或者
2,null,3,5,爷爷
2,null,3,5,电脑
2,null,3,5,演艺
2,null,3,5,刚刚
2,null,3,5,跟着
2,null,3,5,附近
2,null,3,5,付钱
2,null,3,5,鲜花
2,null,3,5,扫地
2,null,3,5,收到
2,null,3,5,准备
2,null,3,6,扔
2,null,3,6,推
2,null,3,6,理
2,null,3,6,应该
2,null,3,6,原谅
2,null,3,6,弄破
2,null,3,6,学校
2,null,3,6,突然
2,null,3,6,怎么
2,null,3,6,跌倒
2,null,3,6,受伤
2,null,3,6,立刻
2,null,3,6,没关系
2,null,3,6,不要紧
2,null,3,6,来不及
2,null,3,6,谢谢
2,null,3,7,脱鞋
2,null,3,7,搬动
2,null,3,7,碰到
2,null,3,7,赶快
2,null,3,7,一张
2,null,3,7,便条
2,null,3,7,赔钱
2,null,3,7,邻居
2,null,3,7,花盆
2,null,3,7,眼镜
2,null,3,7,溜走
2,null,3,7,休息
2,null,3,7,电视
2,null,3,7,轻轻
2,null,3,7,椅子
2,null,3,7,地板
2,null,3,8,线
2,null,3,8,涂
2,null,3,8,挂
2,null,3,8,晒
2,null,3,8,伸
2,null,3,8,歪
2,null,3,8,累
2,null,3,8,转盘
2,null,3,8,需要
2,null,3,8,贺卡
2,null,3,8,然后
2,null,3,8,部分
2,null,3,8,接着
2,null,3,8,衣服
2,null,3,8,请求
2,null,3,8,反面
2,null,3,8,容易
2,null,3,8,硬纸板
2,null,3,8,满头大汗
2,null,3,9,熊
2,null,3,9,装
2,null,3,9,救命
2,null,3,9,鼻子
2,null,3,9,办法
2,null,3,9,竹竿
2,null,3,9,不停
2,null,3,9,官员
2,null,3,9,下沉
2,null,3,9,船身
2,null,3,9,重量
2,null,3,9,神童
2,null,3,10,引来
2,null,3,10,垃圾
2,null,3,10,因为
2,null,3,10,蚊虫
2,null,3,10,破坏
2,null,3,10,环境
2,null,3,10,爱护
2,null,3,10,收拾
2,null,3,10,厕所
2,null,3,10,清洗
2,null,3,10,周末
2,null,3,10,仔细
2,null,3,10,吃惊
2,null,3,10,决定
2,null,3,10,打招呼
2,null,3,11,购
2,null,3,11,认为
2,null,3,11,浪费
2,null,3,11,使用
2,null,3,11,保护
2,null,3,11,废物
2,null,3,11,利用
2,null,3,11,报纸
2,null,3,11,瓶子
2,null,3,11,事情
2,null,3,11,星期
2,null,3,11,超市
2,null,3,11,付钱
2,null,3,11,如果
2,null,3,11,日用品
2,null,3,11,环保袋
2,null,3,11,回收箱
2,null,3,11,尽一份力
2,null,3,12,颗
2,null,3,12,喷水
2,null,3,12,竖起
2,null,3,12,设计
2,null,3,12,狮子
2,null,3,12,老虎
2,null,3,12,生活
2,null,3,12,海岸
2,null,3,12,野餐
2,null,3,12,国庆
2,null,3,12,礼物
2,null,3,12,国旗
2,null,3,12,国歌
2,null,3,12,谜语
2,null,3,12,兴奋
2,null,3,12,印度
2,null,3,12,亮晶晶
2,null,3,12,脚踏车
2,null,3,12,大拇指
2,null,3,12,各种各样
2,null,3,13,养
2,null,3,13,湖
2,null,3,13,狼
2,null,3,13,沿着
2,null,3,13,水池
2,null,3,13,森林
2,null,3,13,山洞
2,null,3,13,竹林
2,null,3,13,沙滩
2,null,3,13,草丛
2,null,3,13,山顶
2,null,3,13,小组
2,null,3,13,必须
2,null,3,13,第一
2,null,3,13,讨论
2,null,3,13,任务
2,null,3,13,急忙
2,null,3,13,虽然
2,null,3,13,仍然
2,null,3,13,小桥
2,null,3,13,找到
2,null,3,14,喂
2,null,3,14,却
2,null,3,14,够
2,null,3,14,躺
2,null,3,14,滑滑的
2,null,3,14,软软的
2,null,3,14,嘴边
2,null,3,14,咬断
2,null,3,14,兔子
2,null,3,14,灰色
2,null,3,14,胡子
2,null,3,14,尾巴
2,null,3,14,眼睛
2,null,3,14,眼圈
2,null,3,14,萝卜
2,null,3,14,散步
2,null,3,14,公斤
2,null,3,14,肚子
2,null,3,14,慢慢
2,null,3,15,痛
2,null,3,15,钻进去
2,null,3,15,小偷
2,null,3,15,时候
2,null,3,15,礼堂
2,null,3,15,逃走
2,null,3,15,冷汗
2,null,3,15,发抖
2,null,3,15,花丛
2,null,3,15,蜜蜂
2,null,3,15,假期
2,null,3,15,参加
2,null,3,15,简单
2,null,3,15,作业
2,null,3,15,不敢
2,null,3,15,忍不住
2,null,3,15,哈哈大笑
2,null,3,15,冒出冷汗
2,null,3,15,桌上
2,null,3,15,交作业
2,null,3,16,吴
2,null,3,16,欺负
2,null,3,16,宠物
2,null,3,16,跳舞
2,null,3,16,数学
2,null,3,16,代替
2,null,3,16,认识
2,null,3,16,结果
2,null,3,16,低头
2,null,3,16,不敢
2,null,3,16,抬头
2,null,3,16,溜滑轮
2,null,3,16,吹泡泡
2,null,3,16,传上来
2,null,3,17,藏
2,null,3,17,减
2,null,3,17,算一算
2,null,3,17,裙子
2,null,3,17,咖啡
2,null,3,17,底下
2,null,3,17,失去
2,null,3,17,试卷
2,null,3,17,签名
2,null,3,17,消息
2,null,3,17,检查
2,null,3,17,等于
2,null,3,17,铁斧头
2,null,3,17,金斧头
2,null,3,17,倒进
2,null,3,17,牛油
2,null,3,17,一百分
2,null,3,17,一万
2,null,3,17,一千
2,null,9,1,当
2,null,9,1,篇
2,null,9,1,翻
2,null,9,1,页
2,null,9,1,将来
2,null,9,1,司机
2,null,9,1,希望
2,null,9,1,军人
2,null,9,1,保卫
2,null,9,1,成为
2,null,9,1,练习
2,null,9,1,努力
2,null,9,1,愿望
2,null,9,1,总是
2,null,9,1,实现
2,null,9,1,复习
2,null,9,1,争取
2,null,9,1,举手
2,null,9,1,样子
2,null,9,1,科学家
2,null,9,2,姓
2,null,9,2,陈
2,null,9,2,名
2,null,9,2,胖
2,null,9,2,瘦
2,null,9,2,李
2,null,9,2,矮
2,null,9,2,脸
2,null,9,2,卷
2,null,9,2,猪
2,null,9,2,懂事
2,null,9,2,帮手
2,null,9,2,聪明
2,null,9,2,叔叔
2,null,9,2,阿姨
2,null,9,2,有趣
2,null,9,2,意思
2,null,9,2,强壮
2,null,9,2,福气
2,null,9,2,一些
2,null,9,2,问题
2,null,9,2,后退
2,null,9,3,辆
2,null,9,3,蓝色
2,null,9,3,盖子
2,null,9,3,吸管
2,null,9,3,闹钟
2,null,9,3,伙伴
2,null,9,3,背着
2,null,9,3,手表
2,null,9,3,颜色
2,null,9,3,旁边
2,null,9,3,睡觉
2,null,9,3,准时
2,null,9,3,改掉
2,null,9,3,迟到
2,null,9,3,习惯
2,null,9,3,陪伴
2,null,9,3,文具盒
2,null,9,3,长方形
2,null,9,3,三角形
2,null,9,4,喊
2,null,9,4,披
2,null,9,4,绿豆
2,null,9,4,变化
2,null,9,4,发芽
2,null,9,4,健康
2,null,9,4,幼苗
2,null,9,4,摆动
2,null,9,4,尾巴
2,null,9,4,后腿
2,null,9,4,哪里
2,null,9,4,连忙
2,null,9,4,乌龟
2,null,9,4,青蛙
2,null,9,4,眼睛
2,null,9,4,孩子
2,null,9,4,越来越……
2,null,9,5,逛
2,null,9,5,尝
2,null,9,5,贴
2,null,9,5,展览
2,null,9,5,傍晚
2,null,9,5,参观
2,null,9,5,或者
2,null,9,5,爷爷
2,null,9,5,电脑
2,null,9,5,演艺
2,null,9,5,刚刚
2,null,9,5,跟着
2,null,9,5,附近
2,null,9,5,付钱
2,null,9,5,一束
2,null,9,5,鲜花
2,null,9,5,事情
2,null,9,5,准备
2,null,9,5,脚踏车
2,null,9,6,扔
2,null,9,6,推
2,null,9,6,理
2,null,9,6,原谅
2,null,9,6,弄破
2,null,9,6,突然
2,null,9,6,跌倒
2,null,9,6,受伤
2,null,9,6,立刻
2,null,9,6,谢谢
2,null,9,6,没关系
2,null,9,6,不要紧
2,null,9,6,来不及
2,null,9,7,脱鞋
2,null,9,7,赶快
2,null,9,7,阿姨
2,null,9,7,便条
2,null,9,7,赔钱
2,null,9,7,邻居
2,null,9,7,花盆
2,null,9,7,眼镜
2,null,9,7,溜走
2,null,9,7,休息
2,null,9,7,电视
2,null,9,7,轻轻
2,null,9,7,地板
2,null,9,8,线
2,null,9,8,涂
2,null,9,8,挂
2,null,9,8,晒
2,null,9,8,伸
2,null,9,8,歪
2,null,9,8,累
2,null,9,8,硬纸板
2,null,9,8,转盘
2,null,9,8,需要
2,null,9,8,一块
2,null,9,8,贺卡
2,null,9,8,彩虹
2,null,9,8,圆盘
2,null,9,8,部分
2,null,9,8,接着
2,null,9,8,开始
2,null,9,8,整齐
2,null,9,8,请求
2,null,9,8,反面
2,null,9,8,容易
2,null,9,8,满头大汗
2,null,9,9,熊
2,null,9,9,装
2,null,9,9,救命
2,null,9,9,鼻子
2,null,9,9,办法
2,null,9,9,竹竿
2,null,9,9,不停
2,null,9,9,官员
2,null,9,9,回答
2,null,9,9,下沉
2,null,9,9,船身
2,null,9,9,重量
2,null,9,9,神童
2,null,9,9,升上来
2,null,9,9,称一称
2,null,9,9,古时候
2,null,9,9,一面墙
2,null,9,10,垃圾
2,null,9,10,因为
2,null,9,10,蚊虫
2,null,9,10,破坏
2,null,9,10,环境
2,null,9,10,爱护
2,null,9,10,收拾
2,null,9,10,厕所
2,null,9,10,清洗
2,null,9,10,周末
2,null,9,10,仔细
2,null,9,10,打招呼
2,null,9,10,吃惊
2,null,9,10,决定
2,null,9,10,转身
2,null,9,10,离开
2,null,9,11,认为
2,null,9,11,浪费
2,null,9,11,使用
2,null,9,11,保护
2,null,9,11,环境
2,null,9,11,废物
2,null,9,11,利用
2,null,9,11,报纸
2,null,9,11,瓶子
2,null,9,11,事情
2,null,9,11,星期
2,null,9,11,超市
2,null,9,11,付钱
2,null,9,11,如果
2,null,9,11,日用品
2,null,9,11,垃圾桶
2,null,9,11,环保袋
2,null,9,11,回收箱
2,null,9,11,尽一份力
2,null,9,12,喷水
2,null,9,12,竖起
2,null,9,12,设计
2,null,9,12,狮子
2,null,9,12,老虎
2,null,9,12,生活
2,null,9,12,海岸
2,null,9,12,野餐
2,null,9,12,国庆
2,null,9,12,礼物
2,null,9,12,国旗
2,null,9,12,国歌
2,null,9,12,谜语
2,null,9,12,兴奋
2,null,9,12,印度
2,null,9,12,弯弯的
2,null,9,12,亮晶晶
2,null,9,12,脚踏车
2,null,9,12,大拇指
2,null,9,12,各种各样
2,null,9,13,狼
2,null,9,13,爬
2,null,9,13,沿着
2,null,9,13,水池
2,null,9,13,森林
2,null,9,13,山洞
2,null,9,13,熊猫
2,null,9,13,竹林
2,null,9,13,沙滩
2,null,9,13,草丛
2,null,9,13,山顶
2,null,9,13,小组
2,null,9,13,必须
2,null,9,13,第一
2,null,9,13,讨论
2,null,9,13,拍照
2,null,9,13,任务
2,null,9,13,急忙
2,null,9,13,虽然
2,null,9,13,仍然
2,null,9,14,却
2,null,9,14,够
2,null,9,14,滑滑的
2,null,9,14,软软的
2,null,9,14,嘴边
2,null,9,14,咬断
2,null,9,14,兔子
2,null,9,14,灰色
2,null,9,14,胡子
2,null,9,14,眼圈
2,null,9,14,萝卜
2,null,9,14,散步
2,null,9,14,公斤
2,null,9,14,肚子
2,null,9,14,有趣
2,null,9,14,慢慢
2,null,9,15,痛
2,null,9,15,钻进去
2,null,9,15,小偷
2,null,9,15,窗口
2,null,9,15,礼堂
2,null,9,15,逃走
2,null,9,15,冷汗
2,null,9,15,发抖
2,null,9,15,蜜蜂
2,null,9,15,假期
2,null,9,15,简单
2,null,9,15,座位
2,null,9,15,作业
2,null,9,15,不敢
2,null,9,15,忍不住
2,null,9,15,哈哈大笑
2,null,9,15,冒出冷汗
2,null,9,15,桌上
2,null,9,15,交作业
2,null,9,16,吴
2,null,9,16,欺负
2,null,9,16,照顾
2,null,9,16,宠物
2,null,9,16,跳舞
2,null,9,16,数学
2,null,9,16,代替
2,null,9,16,认识
2,null,9,16,结果
2,null,9,16,低头
2,null,9,16,不敢
2,null,9,16,抬头
2,null,9,16,溜滑轮
2,null,9,16,吹泡泡
2,null,9,16,传上来
2,null,9,17,弄
2,null,9,17,藏
2,null,9,17,减
2,null,9,17,算一算
2,null,9,17,裙子
2,null,9,17,咖啡
2,null,9,17,底下
2,null,9,17,失去
2,null,9,17,游泳
2,null,9,17,比赛
2,null,9,17,试卷
2,null,9,17,签名
2,null,9,17,消息
2,null,9,17,检查
2,null,9,17,等于
2,null,9,17,铁斧头
2,null,9,17,金斧头
2,null,9,17,倒进
2,null,9,17,牛油
2,null,9,17,一百分
2,null,4,1,集
2,null,4,1,换
2,null,4,1,新闻
2,null,4,1,了解
2,null,4,1,内外
2,null,4,1,预报
2,null,4,1,观众
2,null,4,1,情况
2,null,4,1,播放
2,null,4,1,精彩
2,null,4,1,方言
2,null,4,1,投篮
2,null,4,1,手掌
2,null,4,1,疲倦
2,null,4,1,建议
2,null,4,1,舞蹈
2,null,4,1,秘密
2,null,4,1,连续剧
2,null,4,2,鼓
2,null,4,2,递
2,null,4,2,暖
2,null,4,2,挤
2,null,4,2,靠
2,null,4,2,撑
2,null,4,2,苹果
2,null,4,2,讨论
2,null,4,2,词语
2,null,4,2,鱼丸
2,null,4,2,帽子
2,null,4,2,外套
2,null,4,2,姑姑
2,null,4,2,忽然
2,null,4,2,乌云
2,null,4,2,表示
2,null,4,2,急忙
2,null,4,2,担心
2,null,4,2,烟花棒
2,null,4,2,倾盆大雨
2,null,4,2,灵机一动
2,null,4,3,碗
2,null,4,3,醒
2,null,4,3,落
2,null,4,3,睁开
2,null,4,3,尊敬
2,null,4,3,长辈
2,null,4,3,警察
2,null,4,3,后悔
2,null,4,3,脾气
2,null,4,3,吵架
2,null,4,3,模型
2,null,4,3,最近
2,null,4,3,迷上
2,null,4,3,补习
2,null,4,3,说谎
2,null,4,3,眼泪
2,null,4,3,批评
2,null,4,3,云吞面
2,null,4,3,舍不得
2,null,4,4,擦
2,null,4,4,值日
2,null,4,4,负责
2,null,4,4,风扇
2,null,4,4,食堂
2,null,4,4,归还
2,null,4,4,插队
2,null,4,4,阅读
2,null,4,4,玩耍
2,null,4,4,劝告
2,null,4,4,注意
2,null,4,4,保证
2,null,4,4,皱眉
2,null,4,4,安静
2,null,4,4,默默
2,null,4,4,由于
2,null,4,4,脚尖
2,null,4,4,干净
2,null,4,4,责任
2,null,4,4,纷纷
2,null,4,4,赞许
2,null,4,4,擦白板
2,null,4,4,值日生
2,null,4,5,差
2,null,4,5,松
2,null,4,5,骗
2,null,4,5,哇
2,null,4,5,并
2,null,4,5,预防
2,null,4,5,体育
2,null,4,5,结束
2,null,4,5,课室
2,null,4,5,继续
2,null,4,5,发烧
2,null,4,5,吃药
2,null,4,5,洗澡
2,null,4,5,检查
2,null,4,5,项目
2,null,4,5,打针
2,null,4,5,胆小
2,null,4,5,微笑
2,null,4,5,勇敢
2,null,4,5,伸出
2,null,4,5,预防针
2,null,4,5,体育课
2,null,4,5,戴眼镜
2,null,4,5,胆小鬼
2,null,4,5,闷闷不乐
2,null,4,6,握
2,null,4,6,啦
2,null,4,6,段
2,null,4,6,登
2,null,4,6,功夫
2,null,4,6,武术
2,null,4,6,华族
2,null,4,6,所以
2,null,4,6,训练
2,null,4,6,开始
2,null,4,6,欢迎
2,null,4,6,鼓励
2,null,4,6,好久
2,null,4,6,丰富
2,null,4,6,辛苦
2,null,4,6,放弃
2,null,4,6,坚持
2,null,4,6,幸运
2,null,4,6,分享
2,null,4,6,健康
2,null,4,6,武术队
2,null,4,6,华乐团
2,null,4,6,机器人
2,null,4,6,童子军
2,null,4,6,好久不见
2,null,4,7,孕妇
2,null,4,7,车厢
2,null,4,7,乘客
2,null,4,7,随手
2,null,4,7,劝告
2,null,4,7,节约
2,null,4,7,道歉
2,null,4,7,舅舅
2,null,4,7,移动
2,null,4,7,拼命
2,null,4,7,终于
2,null,4,7,摇摆
2,null,4,7,秩序
2,null,4,7,耐心
2,null,4,7,等待
2,null,4,7,乱抢
2,null,4,7,悄悄
2,null,4,7,塑料袋
2,null,4,7,企鹅馆
2,null,4,7,胖乎乎
2,null,4,7,圆滚滚
2,null,4,7,不好意思
2,null,4,8,危险
2,null,4,8,遵守
2,null,4,8,交通
2,null,4,8,规则
2,null,4,8,车祸
2,null,4,8,照顾
2,null,4,8,指挥
2,null,4,8,巨大
2,null,4,8,司机
2,null,4,8,到达
2,null,4,8,顺利
2,null,4,8,流血
2,null,4,8,采访
2,null,4,8,标题
2,null,4,8,获得
2,null,4,8,表扬
2,null,4,8,救护车
2,null,4,8,见义勇为
2,null,4,9,笨
2,null,4,9,盲道
2,null,4,9,盲人
2,null,4,9,熟食
2,null,4,9,居民
2,null,4,9,提供
2,null,4,9,地铁
2,null,4,9,座位
2,null,4,9,水沟
2,null,4,9,清洁
2,null,4,9,饮料
2,null,4,9,摊位
2,null,4,9,糖果
2,null,4,9,讨厌
2,null,4,9,一般
2,null,4,9,辣味
2,null,4,9,其中
2,null,4,9,清楚
2,null,4,9,依然
2,null,4,9,而是
2,null,4,9,离开
2,null,4,9,快餐店
2,null,4,9,鲜橙汁
2,null,4,9,告示牌
2,null,4,10,洒
2,null,4,10,肯
2,null,4,10,不管
2,null,4,10,帮助
2,null,4,10,礼貌
2,null,4,10,无礼
2,null,4,10,玩耍
2,null,4,10,柜子
2,null,4,10,水壶
2,null,4,10,拖把
2,null,4,10,推开
2,null,4,10,理睬
2,null,4,10,敲门
2,null,4,10,害羞
2,null,4,10,显得
2,null,4,10,教室
2,null,4,10,不耐烦
2,null,4,10,占位子
2,null,4,10,难为情
2,null,4,10,螃蟹米粉
2,null,4,10,清洁工人
2,null,4,11,乐曲
2,null,4,11,指令
2,null,4,11,秒表
2,null,4,11,选手
2,null,4,11,终点
2,null,4,11,冠军
2,null,4,11,奖杯
2,null,4,11,飘扬
2,null,4,11,年级
2,null,4,11,因此
2,null,4,11,速度
2,null,4,11,奔跑
2,null,4,11,摔倒
2,null,4,11,焦急
2,null,4,11,亚军
2,null,4,11,取得
2,null,4,11,优秀
2,null,4,11,成绩
2,null,4,11,发令枪
2,null,4,11,观众席
2,null,4,11,领奖台
2,null,4,12,朝
2,null,4,12,顺着
2,null,4,12,组屋
2,null,4,12,商店
2,null,4,12,南边
2,null,4,12,北边
2,null,4,12,展览
2,null,4,12,假期
2,null,4,12,热烈
2,null,4,12,旅游
2,null,4,12,介绍
2,null,4,12,景点
2,null,4,12,士兵
2,null,4,12,排列
2,null,4,12,天鹅
2,null,4,12,喷泉
2,null,4,12,宾客
2,null,4,12,传来
2,null,4,12,握手
2,null,4,12,人群
2,null,4,12,欣赏
2,null,4,12,充实
2,null,4,12,天鹅湖
2,null,4,12,纪念品
2,null,4,12,热带雨林
2,null,4,13,拆
2,null,4,13,丈
2,null,4,13,缩小
2,null,4,13,摸着
2,null,4,13,裂开
2,null,4,13,突然
2,null,4,13,姑娘
2,null,4,13,拜师
2,null,4,13,神仙
2,null,4,13,男孩
2,null,4,13,承认
2,null,4,13,拒绝
2,null,4,13,挑选
2,null,4,13,许多
2,null,4,13,剩下
2,null,4,13,宝贝
2,null,4,13,特别
2,null,4,13,柱子
2,null,4,13,立刻
2,null,4,13,弹钢琴
2,null,4,13,老婆婆
2,null,4,13,扛不动
2,null,4,13,怒气冲冲
2,null,4,13,自言自语
2,null,4,13,民众俱乐部
2,null,4,13,九牛二虎之力
2,null,4,14,压
2,null,4,14,欠
2,null,4,14,香皂
2,null,4,14,词典
2,null,4,14,筷子
2,null,4,14,汤匙
2,null,4,14,挥动
2,null,4,14,拳头
2,null,4,14,厨房
2,null,4,14,香蕉
2,null,4,14,角落
2,null,4,14,刚巧
2,null,4,14,穷人
2,null,4,14,瞪眼
2,null,4,14,可怜
2,null,4,14,竟然
2,null,4,14,铜钱
2,null,4,14,乒乓球
2,null,4,14,漫画书
2,null,4,14,凶巴巴
2,null,4,14,不慌不忙
2,null,4,15,寄
2,null,4,15,春天
2,null,4,15,秋天
2,null,4,15,凉爽
2,null,4,15,舒服
2,null,4,15,夏天
2,null,4,15,炎热
2,null,4,15,冬天
2,null,4,15,寒冷
2,null,4,15,刮风
2,null,4,15,花展
2,null,4,15,参观
2,null,4,15,下雪
2,null,4,15,邮票
2,null,4,15,游泳
2,null,4,15,北京
2,null,4,15,潮湿
2,null,4,15,短袖
2,null,4,15,季节
2,null,4,15,世界
2,null,4,15,导游
2,null,4,15,希望
2,null,4,15,堆雪人
2,null,4,15,碰上
2,null,4,16,蛇
2,null,4,16,绕
2,null,4,16,哦
2,null,4,16,与
2,null,4,16,蹲
2,null,4,16,翅膀
2,null,4,16,快速
2,null,4,16,墙壁
2,null,4,16,蝴蝶
2,null,4,16,漂亮
2,null,4,16,惊奇
2,null,4,16,解释
2,null,4,16,倒挂
2,null,4,16,钩住
2,null,4,16,树枝
2,null,4,16,手臂
2,null,4,16,长颈鹿
2,null,4,16,牢牢地
2,null,4,16,晒太阳
2,null,4,16,侧着身体
2,null,10,1,集
2,null,10,1,换
2,null,10,1,新闻
2,null,10,1,了解
2,null,10,1,内外
2,null,10,1,预报
2,null,10,1,观众
2,null,10,1,情况
2,null,10,1,播放
2,null,10,1,精彩
2,null,10,1,方言
2,null,10,1,投篮
2,null,10,1,手掌
2,null,10,1,疲倦
2,null,10,1,建议
2,null,10,1,舞蹈
2,null,10,1,秘密
2,null,10,1,连续剧
2,null,10,1,忍不住
2,null,10,2,鼓
2,null,10,2,递
2,null,10,2,暖
2,null,10,2,挤
2,null,10,2,靠
2,null,10,2,撑
2,null,10,2,苹果
2,null,10,2,词语
2,null,10,2,鱼丸
2,null,10,2,帽子
2,null,10,2,外套
2,null,10,2,姑姑
2,null,10,2,忽然
2,null,10,2,乌云
2,null,10,2,表示
2,null,10,2,担心
2,null,10,2,烟花棒
2,null,10,2,紧接着
2,null,10,2,倾盆大雨
2,null,10,2,灵机一动
2,null,10,3,碗
2,null,10,3,醒
2,null,10,3,落
2,null,10,3,睁开
2,null,10,3,尊敬
2,null,10,3,长辈
2,null,10,3,警察
2,null,10,3,后悔
2,null,10,3,脾气
2,null,10,3,模型
2,null,10,3,迷上
2,null,10,3,半夜
2,null,10,3,补习
2,null,10,3,街上
2,null,10,3,说谎
2,null,10,3,批评
2,null,10,3,眼泪
2,null,10,3,煮面
2,null,10,3,云吞面
2,null,10,3,舍不得
2,null,10,4,擦
2,null,10,4,值日
2,null,10,4,负责
2,null,10,4,风扇
2,null,10,4,食堂
2,null,10,4,提醒
2,null,10,4,归还
2,null,10,4,碗盘
2,null,10,4,插队
2,null,10,4,阅读
2,null,10,4,玩耍
2,null,10,4,劝告
2,null,10,4,注意
2,null,10,4,保证
2,null,10,4,皱眉
2,null,10,4,安静
2,null,10,4,默默
2,null,10,4,由于
2,null,10,4,干净
2,null,10,4,责任
2,null,10,4,影响
2,null,10,4,纷纷
2,null,10,4,赞许
2,null,10,4,擦白板
2,null,10,4,难为情
2,null,10,5,松
2,null,10,5,哇
2,null,10,5,并
2,null,10,5,预防
2,null,10,5,体育
2,null,10,5,结束
2,null,10,5,课室
2,null,10,5,继续
2,null,10,5,发烧
2,null,10,5,吃药
2,null,10,5,洗澡
2,null,10,5,建议
2,null,10,5,项目
2,null,10,5,打针
2,null,10,5,胆小
2,null,10,5,微笑
2,null,10,5,勇敢
2,null,10,5,伸出
2,null,10,5,预防针
2,null,10,5,体育课
2,null,10,5,戴眼镜
2,null,10,5,胆小鬼
2,null,10,5,闷闷不乐
2,null,10,6,握
2,null,10,6,啦
2,null,10,6,段
2,null,10,6,登
2,null,10,6,功夫
2,null,10,6,武术
2,null,10,6,华族
2,null,10,6,所以
2,null,10,6,训练
2,null,10,6,欢迎
2,null,10,6,鼓励
2,null,10,6,许多
2,null,10,6,好久
2,null,10,6,丰富
2,null,10,6,辛苦
2,null,10,6,放弃
2,null,10,6,坚持
2,null,10,6,幸运
2,null,10,6,分享
2,null,10,6,健康
2,null,10,6,武术队
2,null,10,6,华乐团
2,null,10,6,机器人
2,null,10,6,童子军
2,null,10,6,好久不见
2,null,10,7,孕妇
2,null,10,7,车厢
2,null,10,7,乘客
2,null,10,7,随手
2,null,10,7,劝告
2,null,10,7,批评
2,null,10,7,节约
2,null,10,7,道歉
2,null,10,7,舅舅
2,null,10,7,移动
2,null,10,7,拼命
2,null,10,7,终于
2,null,10,7,一群
2,null,10,7,摇摆
2,null,10,7,秩序
2,null,10,7,耐心
2,null,10,7,等待
2,null,10,7,乱抢
2,null,10,7,悄悄
2,null,10,7,塑料袋
2,null,10,7,企鹅馆
2,null,10,7,胖乎乎
2,null,10,7,圆滚滚
2,null,10,8,危险
2,null,10,8,遵守
2,null,10,8,交通
2,null,10,8,规则
2,null,10,8,车祸
2,null,10,8,指挥
2,null,10,8,巨大
2,null,10,8,司机
2,null,10,8,到达
2,null,10,8,顺利
2,null,10,8,流血
2,null,10,8,医院
2,null,10,8,了解
2,null,10,8,采访
2,null,10,8,标题
2,null,10,8,获得
2,null,10,8,表扬
2,null,10,8,见义勇为
2,null,10,9,笨
2,null,10,9,盲道
2,null,10,9,盲人
2,null,10,9,组屋
2,null,10,9,熟食
2,null,10,9,居民
2,null,10,9,提供
2,null,10,9,水沟
2,null,10,9,清洁
2,null,10,9,饮料
2,null,10,9,摊位
2,null,10,9,糖果
2,null,10,9,油炸
2,null,10,9,讨厌
2,null,10,9,一般
2,null,10,9,辣味
2,null,10,9,其中
2,null,10,9,清楚
2,null,10,9,依然
2,null,10,9,而是
2,null,10,9,鲜橙汁
2,null,10,9,告示牌
2,null,10,10,不管
2,null,10,10,帮助
2,null,10,10,礼貌
2,null,10,10,无礼
2,null,10,10,玩耍
2,null,10,10,柜子
2,null,10,10,水壶
2,null,10,10,拖把
2,null,10,10,推开
2,null,10,10,理睬
2,null,10,10,敲门
2,null,10,10,害羞
2,null,10,10,显得
2,null,10,10,不耐烦
2,null,10,10,占位子
2,null,10,10,螃蟹米粉
2,null,10,10,清洁工人
2,null,10,11,乐曲
2,null,10,11,指令
2,null,10,11,挥动
2,null,10,11,秒表
2,null,10,11,到达
2,null,10,11,终点
2,null,10,11,冠军
2,null,10,11,奖杯
2,null,10,11,飘扬
2,null,10,11,年级
2,null,10,11,因此
2,null,10,11,速度
2,null,10,11,奔跑
2,null,10,11,摔倒
2,null,10,11,焦急
2,null,10,11,欢呼
2,null,10,11,亚军
2,null,10,11,取得
2,null,10,11,优秀
2,null,10,11,成绩
2,null,10,11,发令枪
2,null,10,11,计时员
2,null,10,11,观众席
2,null,10,11,领奖台
2,null,10,11,不顾一切
2,null,10,12,朝
2,null,10,12,商店
2,null,10,12,南边
2,null,10,12,北边
2,null,10,12,展览
2,null,10,12,热烈
2,null,10,12,旅游
2,null,10,12,介绍
2,null,10,12,景点
2,null,10,12,排列
2,null,10,12,士兵
2,null,10,12,天鹅
2,null,10,12,喷泉
2,null,10,12,宾客
2,null,10,12,传来
2,null,10,12,一阵
2,null,10,12,微笑
2,null,10,12,握手
2,null,10,12,欣赏
2,null,10,12,度过
2,null,10,12,充实
2,null,10,12,植物园
2,null,10,13,缩小
2,null,10,13,摸着
2,null,10,13,猴子
2,null,10,13,裂开
2,null,10,13,突然
2,null,10,13,姑娘
2,null,10,13,拜师
2,null,10,13,男孩
2,null,10,13,神仙
2,null,10,13,本领
2,null,10,13,承认
2,null,10,13,花盆
2,null,10,13,拒绝
2,null,10,13,挑选
2,null,10,13,剩下
2,null,10,13,宝贝
2,null,10,13,特别
2,null,10,13,柱子
2,null,10,13,立刻
2,null,10,13,弹钢琴
2,null,10,13,老婆婆
2,null,10,13,扛不动
2,null,10,13,怒气冲冲
2,null,10,13,自言自语
2,null,10,13,民众俱乐部
2,null,10,13,九牛二虎之力
2,null,10,14,欠
2,null,10,14,香皂
2,null,10,14,词典
2,null,10,14,筷子
2,null,10,14,汤匙
2,null,10,14,拳头
2,null,10,14,厨房
2,null,10,14,香蕉
2,null,10,14,蛋糕
2,null,10,14,阅读
2,null,10,14,角落
2,null,10,14,餐馆
2,null,10,14,刚巧
2,null,10,14,穷人
2,null,10,14,瞪眼
2,null,10,14,可怜
2,null,10,14,竟然
2,null,10,14,铜钱
2,null,10,14,乒乓球
2,null,10,14,漫画书
2,null,10,14,凶巴巴
2,null,10,14,不慌不忙
2,null,10,15,春天
2,null,10,15,秋天
2,null,10,15,凉爽
2,null,10,15,舒服
2,null,10,15,夏天
2,null,10,15,炎热
2,null,10,15,冬天
2,null,10,15,寒冷
2,null,10,15,下雪
2,null,10,15,邮票
2,null,10,15,拖鞋
2,null,10,15,北京
2,null,10,15,潮湿
2,null,10,15,短袖
2,null,10,15,短裤
2,null,10,15,年底
2,null,10,15,季节
2,null,10,15,帽子
2,null,10,15,手套
2,null,10,15,世界
2,null,10,15,导游
2,null,10,15,堆雪人
2,null,10,15,百花盛开
2,null,10,16,蛇
2,null,10,16,哦
2,null,10,16,翅膀
2,null,10,16,快速
2,null,10,16,墙壁
2,null,10,16,蝴蝶
2,null,10,16,漂亮
2,null,10,16,惊奇
2,null,10,16,解释
2,null,10,16,倒挂
2,null,10,16,钩住
2,null,10,16,手臂
2,null,10,16,长颈鹿
2,null,10,16,牢牢地
2,null,10,16,晒太阳
2,null,10,16,侧着身体
2,null,5,1,绑
2,null,5,1,顿
2,null,5,1,露营
2,null,5,1,营地
2,null,5,1,集合
2,null,5,1,探险
2,null,5,1,内裤
2,null,5,1,拖鞋
2,null,5,1,袜子
2,null,5,1,防止
2,null,5,1,单独
2,null,5,1,禁止
2,null,5,1,贵重
2,null,5,1,竞赛
2,null,5,1,比赛
2,null,5,1,配合
2,null,5,1,简单
2,null,5,1,轮到
2,null,5,1,排骨
2,null,5,1,椰树
2,null,5,1,黄昏
2,null,5,1,摇摆
2,null,5,1,感到
2,null,5,1,营火会
2,null,5,1,手电筒
2,null,5,1,齐心协力
2,null,5,1,狼吞虎咽
2,null,5,1,不管三七二十一
2,null,5,2,隔
2,null,5,2,惨
2,null,5,2,盯
2,null,5,2,瞎
2,null,5,2,测试
2,null,5,2,正确
2,null,5,2,号码
2,null,5,2,填写
2,null,5,2,格子
2,null,5,2,昏暗
2,null,5,2,距离
2,null,5,2,户外活动
2,null,5,2,而且
2,null,5,2,头疼
2,null,5,2,咳嗽
2,null,5,2,诊所
2,null,5,2,下降
2,null,5,2,模糊
2,null,5,2,近视
2,null,5,2,问题
2,null,5,2,连续
2,null,5,2,电脑
2,null,5,2,保持
2,null,5,2,放松
2,null,5,2,担心
2,null,5,2,痛苦
2,null,5,2,伤害
2,null,5,2,习惯
2,null,5,3,盐
2,null,5,3,锅
2,null,5,3,犯
2,null,5,3,营养
2,null,5,3,材料
2,null,5,3,鸡蛋
2,null,5,3,黄瓜
2,null,5,3,紫菜
2,null,5,3,形状
2,null,5,3,搅拌
2,null,5,3,嘴巴
2,null,5,3,聚会
2,null,5,3,回答
2,null,5,3,谈论
2,null,5,3,错误
2,null,5,3,似的
2,null,5,3,懂事
2,null,5,3,烦恼
2,null,5,3,安慰
2,null,5,3,劳累
2,null,5,3,爱惜
2,null,5,3,调味料
2,null,5,3,七嘴八舌
2,null,5,3,异口同声
2,null,5,4,酒
2,null,5,4,井
2,null,5,4,撒
2,null,5,4,捧
2,null,5,4,捐
2,null,5,4,有效期
2,null,5,4,肉类
2,null,5,4,存放
2,null,5,4,冷冻
2,null,5,4,蔬菜
2,null,5,4,水饺
2,null,5,4,包装
2,null,5,4,新鲜
2,null,5,4,适合
2,null,5,4,蛋糕
2,null,5,4,饼干
2,null,5,4,村子
2,null,5,4,自私
2,null,5,4,愁眉苦脸
2,null,5,4,缺少
2,null,5,4,转身
2,null,5,4,愉快
2,null,5,4,聊天
2,null,5,5,叠
2,null,5,5,小贩
2,null,5,5,银色
2,null,5,5,车资卡
2,null,5,5,钞票
2,null,5,5,硬币
2,null,5,5,联系
2,null,5,5,早晨
2,null,5,5,摇晃
2,null,5,5,呆住
2,null,5,5,傻傻地
2,null,5,5,阻拦
2,null,5,5,麻烦
2,null,5,5,诚实
2,null,5,5,善良
2,null,5,5,赶紧
2,null,5,5,附近
2,null,5,5,阿姨
2,null,5,5,快餐店
2,null,5,5,收银台
2,null,5,5,争先恐后
2,null,5,5,小贩中心
2,null,5,5,不约而同
2,null,5,5,喜出望外
2,null,5,5,银行
2,null,5,6,厚
2,null,5,6,泼
2,null,5,6,载
2,null,5,6,喘
2,null,5,6,海洋
2,null,5,6,鼻孔
2,null,5,6,浮出水面
2,null,5,6,皮肤
2,null,5,6,头顶
2,null,5,6,呼吸
2,null,5,6,深海
2,null,5,6,浅海
2,null,5,6,公斤
2,null,5,6,大概
2,null,5,6,抽水机
2,null,5,6,抽水
2,null,5,6,数不清
2,null,5,6,涨潮
2,null,5,6,波浪
2,null,5,6,激动
2,null,5,6,湿透
2,null,5,7,陆地
2,null,5,7,汉字
2,null,5,7,制造
2,null,5,7,足迹
2,null,5,7,网络
2,null,5,7,未来
2,null,5,7,瘦弱
2,null,5,7,永远
2,null,5,7,曾经
2,null,5,7,年龄
2,null,5,7,节省
2,null,5,7,珍惜
2,null,5,7,此后
2,null,5,7,一眨眼
2,null,5,7,机器人
2,null,5,8,爹
2,null,5,8,杀
2,null,5,8,增添
2,null,5,8,兰花
2,null,5,8,免费
2,null,5,8,订票
2,null,5,8,电影
2,null,5,8,领取
2,null,5,8,装扮
2,null,5,8,打仗
2,null,5,8,代替
2,null,5,8,敌人
2,null,5,8,攻打
2,null,5,8,孝心
2,null,5,8,战场
2,null,5,8,年纪
2,null,5,8,士兵
2,null,5,8,胜仗
2,null,5,8,打败
2,null,5,8,家乡
2,null,5,8,英雄
2,null,5,9,痘
2,null,5,9,夹
2,null,5,9,腰
2,null,5,9,酸
2,null,5,9,地址
2,null,5,9,嘲笑
2,null,5,9,隐形
2,null,5,9,上瘾
2,null,5,9,控制
2,null,5,9,唠叨
2,null,5,9,遮住
2,null,5,9,恶作剧
2,null,5,9,农夫
2,null,5,9,惭愧
2,null,5,9,感恩
2,null,5,9,拥有
2,null,5,9,热线
2,null,5,9,讨厌
2,null,5,9,比较
2,null,5,9,眼镜
2,null,5,9,刷子
2,null,5,10,至
2,null,5,10,恨
2,null,5,10,招生
2,null,5,10,初级
2,null,5,10,课程
2,null,5,10,基本
2,null,5,10,截止
2,null,5,10,有限
2,null,5,10,尽早
2,null,5,10,详细
2,null,5,10,聪明
2,null,5,10,胸口
2,null,5,10,跌倒
2,null,5,10,衬衫
2,null,5,10,扣子
2,null,5,10,肩膀
2,null,5,10,狠狠地
2,null,5,10,不顾一切
2,null,5,10,撕破
2,null,5,11,棒
2,null,5,11,评
2,null,5,11,刺
2,null,5,11,巷
2,null,5,11,献
2,null,5,11,著名
2,null,5,11,手册
2,null,5,11,超过
2,null,5,11,熟食
2,null,5,11,唯一
2,null,5,11,夜间
2,null,5,11,滨海湾
2,null,5,11,骄傲
2,null,5,11,自豪
2,null,5,11,盼望
2,null,5,11,宽阔
2,null,5,11,队伍
2,null,5,11,舞台
2,null,5,11,排列
2,null,5,11,表演
2,null,5,11,整齐
2,null,5,11,最佳
2,null,5,11,渐渐地
2,null,5,12,亿
2,null,5,12,乙
2,null,5,12,叹
2,null,5,12,墨
2,null,5,12,窄
2,null,5,12,派
2,null,5,12,记录
2,null,5,12,构成
2,null,5,12,历史
2,null,5,12,产生
2,null,5,12,包括
2,null,5,12,根据
2,null,5,12,统计
2,null,5,12,优美
2,null,5,12,艺术
2,null,5,12,不仅
2,null,5,12,官员
2,null,5,12,怀疑
2,null,5,12,肯定
2,null,5,12,韩国
2,null,5,13,罗
2,null,5,13,诗
2,null,5,13,丙
2,null,5,13,并
2,null,5,13,钻
2,null,5,13,混
2,null,5,13,烫
2,null,5,13,遇到
2,null,5,13,鼓励
2,null,5,13,顽皮
2,null,5,13,偶像
2,null,5,13,耐心
2,null,5,13,宣布
2,null,5,13,积极
2,null,5,13,加倍
2,null,5,13,成绩
2,null,5,13,如何
2,null,5,13,偏偏
2,null,5,13,额头
2,null,5,13,温柔
2,null,5,13,凡是
2,null,5,13,恢复
2,null,5,13,地洞
2,null,5,14,棵
2,null,5,14,辆
2,null,5,14,升
2,null,5,14,浓
2,null,5,14,挺
2,null,5,14,窝
2,null,5,14,巨大
2,null,5,14,栽种
2,null,5,14,宽阔
2,null,5,14,淡淡的
2,null,5,14,乳白
2,null,5,14,炮弹
2,null,5,14,是否
2,null,5,14,腐烂
2,null,5,14,编号
2,null,5,14,闲聊
2,null,5,14,慷慨
2,null,5,14,阴凉
2,null,5,14,粗壮
2,null,5,15,坚固
2,null,5,15,建筑
2,null,5,15,地震
2,null,5,15,伤亡
2,null,5,15,搭建
2,null,5,15,减少
2,null,5,15,欧洲
2,null,5,15,避开
2,null,5,15,野兽
2,null,5,15,攻击
2,null,5,15,防止
2,null,5,15,恶劣
2,null,5,15,祖先
2,null,5,15,神奇
2,null,5,15,环境
2,null,5,15,打猎
2,null,5,15,捕鱼
2,null,5,15,棍子
2,null,11,1,绑
2,null,11,1,顿
2,null,11,1,轮到
2,null,11,1,露营
2,null,11,1,营地
2,null,11,1,集合
2,null,11,1,探险
2,null,11,1,攀岩
2,null,11,1,袜子
2,null,11,1,防止
2,null,11,1,单独
2,null,11,1,禁止
2,null,11,1,贵重
2,null,11,1,竞赛
2,null,11,1,冠军
2,null,11,1,配合
2,null,11,1,排骨
2,null,11,1,椰树
2,null,11,1,黄昏
2,null,11,1,感到
2,null,11,1,营火会
2,null,11,1,手电筒
2,null,11,1,齐心协力
2,null,11,1,狼吞虎咽
2,null,11,1,不管三七二十一
2,null,11,2,隔
2,null,11,2,惨
2,null,11,2,盯
2,null,11,2,瞎
2,null,11,2,抛
2,null,11,2,测试
2,null,11,2,正确
2,null,11,2,号码
2,null,11,2,填写
2,null,11,2,格子
2,null,11,2,昏暗
2,null,11,2,距离
2,null,11,2,户外活动
2,null,11,2,而且
2,null,11,2,头疼
2,null,11,2,咳嗽
2,null,11,2,诊所
2,null,11,2,下降
2,null,11,2,模糊
2,null,11,2,答案
2,null,11,2,代表
2,null,11,2,电脑
2,null,11,2,保持
2,null,11,2,放松
2,null,11,2,眼圈
2,null,11,2,伤害
2,null,11,2,习惯
2,null,11,3,盐
2,null,11,3,犯
2,null,11,3,锅
2,null,11,3,材料
2,null,11,3,黄瓜
2,null,11,3,紫菜
2,null,11,3,形状
2,null,11,3,搅拌
2,null,11,3,沉默
2,null,11,3,聚会
2,null,11,3,祝福
2,null,11,3,错误
2,null,11,3,似的
2,null,11,3,贺卡
2,null,11,3,烦恼
2,null,11,3,安慰
2,null,11,3,爱惜
2,null,11,3,劳累
2,null,11,3,调味料
2,null,11,3,身份证
2,null,11,3,异口同声
2,null,11,3,左顾右盼
2,null,11,3,鸦雀无声
2,null,11,3,七嘴八舌
2,null,11,4,酒
2,null,11,4,井
2,null,11,4,撒
2,null,11,4,捧
2,null,11,4,捐
2,null,11,4,有效期
2,null,11,4,肉类
2,null,11,4,存放
2,null,11,4,冷冻
2,null,11,4,蔬菜
2,null,11,4,水饺
2,null,11,4,必须
2,null,11,4,新鲜
2,null,11,4,果汁
2,null,11,4,饼干
2,null,11,4,村子
2,null,11,4,自私
2,null,11,4,陌生
2,null,11,4,奇怪
2,null,11,4,纷纷
2,null,11,4,愁眉苦脸
2,null,11,4,妻子
2,null,11,4,缺少
2,null,11,4,聊天
2,null,11,4,愉快
2,null,11,4,邀请
2,null,11,4,宁静
2,null,11,5,旺
2,null,11,5,程度
2,null,11,5,根据
2,null,11,5,测试
2,null,11,5,积极
2,null,11,5,打招呼
2,null,11,5,矛盾
2,null,11,5,遇到
2,null,11,5,抱怨
2,null,11,5,骄傲
2,null,11,5,闯祸
2,null,11,5,古董
2,null,11,5,珍宝
2,null,11,5,碎片
2,null,11,5,愤怒
2,null,11,5,严肃
2,null,11,5,不禁
2,null,11,5,呼吸
2,null,11,5,急促
2,null,11,5,怀疑
2,null,11,5,避开
2,null,11,5,珍贵
2,null,11,6,叠
2,null,11,6,稳
2,null,11,6,小贩
2,null,11,6,银色
2,null,11,6,车资卡
2,null,11,6,钞票
2,null,11,6,硬币
2,null,11,6,联系
2,null,11,6,号码
2,null,11,6,早晨
2,null,11,6,摇晃
2,null,11,6,呆住
2,null,11,6,傻傻地
2,null,11,6,如何
2,null,11,6,阻拦
2,null,11,6,麻烦
2,null,11,6,诚实
2,null,11,6,善良
2,null,11,6,回忆
2,null,11,6,收银台
2,null,11,6,争先恐后
2,null,11,6,小贩中心
2,null,11,6,不约而同
2,null,11,6,喜出望外
2,null,11,6,银行
2,null,11,6,倒退
2,null,11,6,寻物启事
2,null,11,7,喘
2,null,11,7,悬
2,null,11,7,海洋
2,null,11,7,鼻孔
2,null,11,7,浮出水面
2,null,11,7,皮肤
2,null,11,7,头顶
2,null,11,7,水柱
2,null,11,7,深海
2,null,11,7,浅海
2,null,11,7,公斤
2,null,11,7,大概
2,null,11,7,抽水机
2,null,11,7,抽水
2,null,11,7,涨潮
2,null,11,7,波浪
2,null,11,7,激动
2,null,11,7,渐渐
2,null,11,7,徘徊
2,null,11,7,巨大
2,null,11,7,随着
2,null,11,7,消失
2,null,11,7,依依不舍
2,null,11,7,湿透
2,null,11,8,陆地
2,null,11,8,汉字
2,null,11,8,制造
2,null,11,8,足迹
2,null,11,8,网络
2,null,11,8,未来
2,null,11,8,悲伤
2,null,11,8,瘦弱
2,null,11,8,永远
2,null,11,8,曾经
2,null,11,8,年龄
2,null,11,8,匆匆
2,null,11,8,仍然
2,null,11,8,节省
2,null,11,8,计划
2,null,11,8,此后
2,null,11,8,似乎
2,null,11,8,一眨眼
2,null,11,8,机器人
2,null,11,8,光阴似箭
2,null,11,8,井井有条
2,null,11,9,爹
2,null,11,9,杀
2,null,11,9,增添
2,null,11,9,兰花
2,null,11,9,票价
2,null,11,9,免费
2,null,11,9,订票
2,null,11,9,矿泉水
2,null,11,9,俱乐部
2,null,11,9,装扮
2,null,11,9,打仗
2,null,11,9,代替
2,null,11,9,敌人
2,null,11,9,孝心
2,null,11,9,家乡
2,null,11,9,攻打
2,null,11,9,狂风
2,null,11,9,战场
2,null,11,9,打败
2,null,11,9,胜仗
2,null,11,9,英雄
2,null,11,9,烈日
2,null,11,10,痘
2,null,11,10,夹
2,null,11,10,腰
2,null,11,10,酸
2,null,11,10,地址
2,null,11,10,嘲笑
2,null,11,10,隐形
2,null,11,10,上瘾
2,null,11,10,控制
2,null,11,10,唠叨
2,null,11,10,遮住
2,null,11,10,恶作剧
2,null,11,10,农夫
2,null,11,10,惭愧
2,null,11,10,感恩
2,null,11,10,拥有
2,null,11,10,热线
2,null,11,10,讨厌
2,null,11,10,比较
2,null,11,10,眼镜
2,null,11,10,刷子
2,null,11,10,一段(时间)
2,null,11,10,碗碟
2,null,11,10,小心翼翼
2,null,11,11,恨
2,null,11,11,瞪
2,null,11,11,啦
2,null,11,11,初级
2,null,11,11,基本
2,null,11,11,截止
2,null,11,11,有限
2,null,11,11,尽早
2,null,11,11,详细
2,null,11,11,胸口
2,null,11,11,躲闪
2,null,11,11,扭打
2,null,11,11,彼此
2,null,11,11,衬衫
2,null,11,11,扣子
2,null,11,11,肩膀
2,null,11,11,狠狠地
2,null,11,12,棒
2,null,11,12,刺
2,null,11,12,巷
2,null,11,12,最佳
2,null,11,12,著名
2,null,11,12,滨海湾
2,null,11,12,手册
2,null,11,12,唯一
2,null,11,12,骄傲
2,null,11,12,自豪
2,null,11,12,盼望
2,null,11,12,宽阔
2,null,11,12,排列
2,null,11,12,表演
2,null,11,12,队伍
2,null,11,12,呈献
2,null,11,12,夜幕
2,null,11,12,降临
2,null,11,12,沉浸
2,null,11,12,燃放
2,null,11,12,气氛
2,null,11,13,亿
2,null,11,13,乙
2,null,11,13,叹
2,null,11,13,墨
2,null,11,13,窄
2,null,11,13,派
2,null,11,13,记录
2,null,11,13,构成
2,null,11,13,历史
2,null,11,13,产生
2,null,11,13,包括
2,null,11,13,统计
2,null,11,13,世界
2,null,11,13,艺术
2,null,11,13,不仅
2,null,11,13,官员
2,null,11,13,怀疑
2,null,11,13,佩服
2,null,11,13,违抗
2,null,11,13,询问
2,null,11,13,韩国
2,null,11,13,鸡肋
2,null,11,14,罗
2,null,11,14,甲
2,null,11,14,乙
2,null,11,14,诗
2,null,11,14,丙
2,null,11,14,混
2,null,11,14,烫
2,null,11,14,并
2,null,11,14,钻
2,null,11,14,涌
2,null,11,14,辛勤
2,null,11,14,顽皮
2,null,11,14,偶像
2,null,11,14,培育
2,null,11,14,宣布
2,null,11,14,积极
2,null,11,14,加倍
2,null,11,14,成绩
2,null,11,14,祈祷
2,null,11,14,偏偏
2,null,11,15,浓
2,null,11,15,挺
2,null,11,15,窝
2,null,11,15,栽种
2,null,11,15,宽阔
2,null,11,15,淡淡的
2,null,11,15,扁扁的
2,null,11,15,乳白
2,null,11,15,炮弹
2,null,11,15,是否
2,null,11,15,腐烂
2,null,11,15,编号
2,null,11,15,闲聊
2,null,11,15,姿态
2,null,11,15,慷慨
2,null,11,15,阴凉
2,null,11,15,茂密
2,null,11,15,幽默
2,null,11,16,资源
2,null,11,16,粮食
2,null,11,16,污染
2,null,11,16,和谐
2,null,11,16,繁华
2,null,11,16,台阶
2,null,11,16,匆匆
2,null,11,16,悲伤
2,null,11,16,熟悉
2,null,11,16,春天
2,null,11,16,奇妙
2,null,11,16,包含
2,null,11,16,夕阳
2,null,11,16,陶醉
2,null,11,16,盲人
2,null,11,16,惋惜
2,null,11,16,冷漠
2,null,11,16,翩翩起舞
2,null,11,16,博物馆
2,null,11,16,视而不见
2,null,11,16,迫不及待
2,null,11,17,坚固
2,null,11,17,建筑
2,null,11,17,地震
2,null,11,17,伤亡
2,null,11,17,搭建
2,null,11,17,减少
2,null,11,17,欧洲
2,null,11,17,避开
2,null,11,17,野兽
2,null,11,17,攻击
2,null,11,17,神奇
2,null,11,17,恶劣
2,null,11,17,祖先
2,null,11,17,矮小
2,null,11,17,打猎
2,null,11,17,捕鱼
2,null,11,17,环境
2,null,11,17,棍子
2,null,11,17,阻挡
2,null,11,17,即使
2,null,11,17,行驶
2,null,11,17,天寒地冻
2,null,6,1,托
2,null,6,1,滴
2,null,6,1,埋
2,null,6,1,压力
2,null,6,1,克服
2,null,6,1,锻炼
2,null,6,1,做梦
2,null,6,1,精神
2,null,6,1,测验
2,null,6,1,严格
2,null,6,1,勤奋
2,null,6,1,懒惰
2,null,6,1,复习
2,null,6,1,计划
2,null,6,1,临时
2,null,6,1,勇敢
2,null,6,1,景色
2,null,6,1,吸引
2,null,6,1,颜色
2,null,6,1,鲜艳
2,null,6,1,暴雨
2,null,6,1,狂风
2,null,6,1,榜样
2,null,6,1,临时抱佛脚
2,null,6,2,牵
2,null,6,2,呀
2,null,6,2,祖孙
2,null,6,2,有趣
2,null,6,2,促进
2,null,6,2,家庭
2,null,6,2,和谐
2,null,6,2,拨打
2,null,6,2,了解
2,null,6,2,贴心
2,null,6,2,共同
2,null,6,2,闯关
2,null,6,2,倾斜
2,null,6,2,迅速
2,null,6,2,踩(着)
2,null,6,2,嘴唇
2,null,6,2,回忆
2,null,6,2,笑眯眯
2,null,6,2,智能手机
2,null,6,2,遮风挡雨
2,null,6,3,脆
2,null,6,3,煎
2,null,6,3,粥
2,null,6,3,毒
2,null,6,3,清蒸
2,null,6,3,豆苗
2,null,6,3,(一)盘
2,null,6,3,消费
2,null,6,3,赠送
2,null,6,3,咸菜
2,null,6,3,瘦肉
2,null,6,3,橙汁
2,null,6,3,熟练
2,null,6,3,米粒
2,null,6,3,模仿
2,null,6,3,除了
2,null,6,3,例如
2,null,6,3,财主
2,null,6,3,财产
2,null,6,3,争夺
2,null,6,3,彼此
2,null,6,3,使劲
2,null,6,3,伟大
2,null,6,3,智慧
2,null,6,3,苹果汁
2,null,6,3,不费吹灰之力
2,null,6,4,珍珠
2,null,6,4,项链
2,null,6,4,原价
2,null,6,4,便宜
2,null,6,4,质量
2,null,6,4,销售
2,null,6,4,损坏
2,null,6,4,修理
2,null,6,4,弯腰
2,null,6,4,匆匆
2,null,6,4,打扰
2,null,6,4,随手
2,null,6,4,普通
2,null,6,4,慈祥
2,null,6,4,表示
2,null,6,4,反而
2,null,6,4,送货
2,null,6,5,聋
2,null,6,5,捞
2,null,6,5,表达
2,null,6,5,选择
2,null,6,5,讲述
2,null,6,5,呈现
2,null,6,5,方式
2,null,6,5,创意
2,null,6,5,垃圾
2,null,6,5,性别
2,null,6,5,贪财
2,null,6,5,院子
2,null,6,5,砸碎
2,null,6,5,镇上
2,null,6,5,铁锤
2,null,6,5,糟糕
2,null,6,5,捂(住)
2,null,6,5,塞(住)
2,null,6,5,衣袋
2,null,6,5,肥皂泡
2,null,6,5,一窝蜂
2,null,6,5,忍不住
2,null,6,6,江
2,null,6,6,箭
2,null,6,6,罪
2,null,6,6,雾
2,null,6,6,射
2,null,6,6,对抗
2,null,6,6,忠诚
2,null,6,6,杰出
2,null,6,6,品德
2,null,6,6,英俊
2,null,6,6,帅气
2,null,6,6,妒忌
2,null,6,6,建议
2,null,6,6,甘愿
2,null,6,6,受罚
2,null,6,6,拖延
2,null,6,6,必须
2,null,6,6,遮盖
2,null,6,6,绳子
2,null,6,6,佩服
2,null,6,6,神机妙算
2,null,6,7,吊
2,null,6,7,赚钱
2,null,6,7,消失
2,null,6,7,气氛
2,null,6,7,巧妙
2,null,6,7,贡献
2,null,6,7,位置
2,null,6,7,政府
2,null,6,7,走廊
2,null,6,7,骑楼
2,null,6,7,底层
2,null,6,7,楼梯
2,null,6,7,竹篮
2,null,6,7,租书
2,null,6,7,吩咐
2,null,6,7,捏住
2,null,6,7,扁担
2,null,6,7,重建局
2,null,6,7,厕所
2,null,6,7,高楼大厦
2,null,6,8,介绍
2,null,6,8,目录
2,null,6,8,页码
2,null,6,8,方式
2,null,6,8,文章
2,null,6,8,朗读
2,null,6,8,意义
2,null,6,8,翻译
2,null,6,8,打败
2,null,6,8,申请
2,null,6,8,熟悉
2,null,6,8,招牌
2,null,6,8,贫穷
2,null,6,8,多余
2,null,6,8,担忧
2,null,6,8,跨进
2,null,6,8,寻找
2,null,6,8,总算
2,null,6,8,糟糕
2,null,6,8,暂时
2,null,6,8,出版社
2,null,6,8,妖魔鬼怪
2,null,6,9,砖
2,null,6,9,咦
2,null,6,9,胀
2,null,6,9,遭受
2,null,6,9,物品
2,null,6,9,技术
2,null,6,9,搜索
2,null,6,9,按钮
2,null,6,9,堵塞
2,null,6,9,航行
2,null,6,9,幻想
2,null,6,9,能源
2,null,6,9,温度
2,null,6,9,烦恼
2,null,6,9,厉害
2,null,6,9,瞧见
2,null,6,9,考虑
2,null,6,9,敲打
2,null,6,9,端（着）
2,null,6,9,雨丝
2,null,6,9,雨滴
2,null,6,9,晃荡
2,null,6,9,存（进）
2,null,6,9,保护罩
2,null,6,9,玻璃窗
2,null,6,9,一眨眼
2,null,6,10,幕
2,null,6,10,毕业
2,null,6,10,诚恳
2,null,6,10,邀请
2,null,6,10,见证
2,null,6,10,证书
2,null,6,10,致词
2,null,6,10,仪式
2,null,6,10,独奏
2,null,6,10,朗诵
2,null,6,10,提醒
2,null,6,10,服务
2,null,6,10,期盼
2,null,6,10,关键
2,null,6,10,悲伤
2,null,6,10,含着
2,null,6,10,稍微
2,null,6,10,抱怨
2,null,6,10,放弃
2,null,6,10,前途
2,null,6,10,坚持
2,null,6,10,孤单
2,null,6,10,守望
2,null,6,10,第一届
2,null,6,10,依依不舍
2,null,6,10,半途而废
2,null,12,1,托
2,null,12,1,埋
2,null,12,1,克服
2,null,12,1,锻炼
2,null,12,1,精神
2,null,12,1,做梦
2,null,12,1,测验
2,null,12,1,严格
2,null,12,1,懒惰
2,null,12,1,石缝
2,null,12,1,每逢
2,null,12,1,鲜艳
2,null,12,1,耀眼
2,null,12,1,优雅
2,null,12,1,扎根
2,null,12,1,柔弱
2,null,12,1,产生
2,null,12,1,暴雨
2,null,12,1,凭(着)
2,null,12,1,坚强
2,null,12,1,意志
2,null,12,1,榜样
2,null,12,1,不屈不挠
2,null,12,1,临时抱佛脚
2,null,12,2,牵
2,null,12,2,蹦
2,null,12,2,挽
2,null,12,2,呀
2,null,12,2,祖孙
2,null,12,2,美德
2,null,12,2,促进
2,null,12,2,家庭
2,null,12,2,拨打
2,null,12,2,基础
2,null,12,2,倾斜
2,null,12,2,迅速
2,null,12,2,踩(着)
2,null,12,2,疑惑
2,null,12,2,惊讶
2,null,12,2,苍白
2,null,12,2,嘴唇
2,null,12,2,撑伞
2,null,12,2,灰蒙蒙
2,null,12,2,笑眯眯
2,null,12,2,智能手机
2,null,12,2,遮风挡雨
2,null,12,2,倾盆大雨
2,null,12,3,脆
2,null,12,3,煎
2,null,12,3,粥
2,null,12,3,毒
2,null,12,3,清蒸
2,null,12,3,豆苗
2,null,12,3,消费
2,null,12,3,赠送
2,null,12,3,咸菜
2,null,12,3,瘦肉
2,null,12,3,熟练
2,null,12,3,米粒
2,null,12,3,敏捷
2,null,12,3,堵塞
2,null,12,3,模仿
2,null,12,3,除了
2,null,12,3,例如
2,null,12,3,财主
2,null,12,3,财产
2,null,12,3,争夺
2,null,12,3,彼此
2,null,12,3,使劲
2,null,12,3,伟大
2,null,12,3,智慧
2,null,12,3,科学家
2,null,12,3,不费吹灰之力
2,null,12,4,珍珠
2,null,12,4,项链
2,null,12,4,原价
2,null,12,4,便宜
2,null,12,4,质量
2,null,12,4,销售
2,null,12,4,损坏
2,null,12,4,修理
2,null,12,4,均匀
2,null,12,4,猛然
2,null,12,4,打扰
2,null,12,4,态度
2,null,12,4,普通
2,null,12,4,慈祥
2,null,12,4,反而
2,null,12,4,送货
2,null,12,4,省吃俭用
2,null,12,5,聋
2,null,12,5,捞
2,null,12,5,选择
2,null,12,5,讲述
2,null,12,5,方式
2,null,12,5,创意
2,null,12,5,说谎
2,null,12,5,书橱
2,null,12,5,彩虹
2,null,12,5,性别
2,null,12,5,坚固
2,null,12,5,锐利
2,null,12,5,抵挡
2,null,12,5,贪财
2,null,12,5,砸碎
2,null,12,5,镇上
2,null,12,5,铁锤
2,null,12,5,糟糕
2,null,12,5,捂(住)
2,null,12,5,立即
2,null,12,5,肥皂泡
2,null,12,5,一窝蜂
2,null,12,5,自相矛盾
2,null,12,5,哑口无言
2,null,12,5,掩耳盗铃
2,null,12,5,毫不在意
2,null,12,6,江
2,null,12,6,逼
2,null,12,6,雾
2,null,12,6,射
2,null,12,6,对抗
2,null,12,6,忠诚
2,null,12,6,杰出
2,null,12,6,品德
2,null,12,6,英俊
2,null,12,6,帅气
2,null,12,6,妒忌
2,null,12,6,甘愿
2,null,12,6,受罚
2,null,12,6,拖延
2,null,12,6,吩咐
2,null,12,6,绳子
2,null,12,6,埋伏
2,null,12,6,遵命
2,null,12,6,智慧
2,null,12,7,夏季
2,null,12,7,冬季
2,null,12,7,瀑布
2,null,12,7,跨越
2,null,12,7,跨国
2,null,12,7,倾泻
2,null,12,7,壮观
2,null,12,7,山脉
2,null,12,7,雄伟
2,null,12,7,平坦
2,null,12,7,覆盖
2,null,12,7,甚至
2,null,12,7,兴致
2,null,12,7,益处
2,null,12,7,治疗
2,null,12,7,疾病
2,null,12,7,奇迹
2,null,12,7,厉害
2,null,12,7,(一)股
2,null,12,7,最高峰
2,null,12,7,含盐量
2,null,12,7,避暑胜地
2,null,12,7,震耳欲聋
2,null,12,7,名山大川
2,null,12,7,名胜古迹
2,null,12,7,流连忘返
2,null,12,7,大惊失色
2,null,12,8,吊
2,null,12,8,掏
2,null,12,8,赚钱
2,null,12,8,印象
2,null,12,8,贡献
2,null,12,8,位置
2,null,12,8,政府
2,null,12,8,竹篮
2,null,12,8,走廊
2,null,12,8,吩咐
2,null,12,8,租书
2,null,12,8,出租
2,null,12,8,书摊
2,null,12,8,捏住
2,null,12,8,扁担
2,null,12,8,厕所
2,null,12,8,栏杆
2,null,12,8,妖怪
2,null,12,8,冤枉
2,null,12,8,娱乐
2,null,12,8,讲古
2,null,12,8,重建局
2,null,12,8,抄抄写写
2,null,12,8,高楼大厦
2,null,12,8,若有所思
2,null,12,8,无忧无虑
2,null,12,8,津津有味
2,null,12,8,左邻右舍
2,null,12,9,吼
2,null,12,9,晕
2,null,12,9,风筝
2,null,12,9,吉祥
2,null,12,9,华族
2,null,12,9,皇帝
2,null,12,9,装饰
2,null,12,9,翻腾
2,null,12,9,龙宫
2,null,12,9,干裂
2,null,12,9,荒废
2,null,12,9,无辜
2,null,12,9,遭受
2,null,12,9,残忍
2,null,12,9,固执
2,null,12,9,爆竹
2,null,12,9,权力
2,null,12,9,允许
2,null,12,9,暴雨
2,null,12,9,冲毁
2,null,12,9,汪洋
2,null,12,9,缓缓
2,null,12,9,挣扎
2,null,12,9,赛龙舟
2,null,12,9,九龙壁
2,null,12,9,(一)副
2,null,12,9,玉皇大帝
2,null,12,9,筋疲力尽
2,null,12,10,端
2,null,12,10,书籍
2,null,12,10,介绍
2,null,12,10,目录
2,null,12,10,页码
2,null,12,10,文章
2,null,12,10,朗读
2,null,12,10,翻译
2,null,12,10,师徒
2,null,12,10,打败
2,null,12,10,申请
2,null,12,10,获得
2,null,12,10,贫穷
2,null,12,10,多余
2,null,12,10,书柜
2,null,12,10,饥饿
2,null,12,10,总算
2,null,12,10,踮起
2,null,12,10,惧怕
2,null,12,10,滋味
2,null,12,10,糟糕
2,null,12,10,暂时
2,null,12,10,诱人
2,null,12,10,捣蛋
2,null,12,10,浑身
2,null,12,10,出版社
2,null,12,10,妖魔鬼怪
2,null,12,10,全神贯注
2,null,12,11,砖
2,null,12,11,咦
2,null,12,11,舔
2,null,12,11,揉
2,null,12,11,隐形
2,null,12,11,技术
2,null,12,11,搜索
2,null,12,11,航行
2,null,12,11,堵塞
2,null,12,11,幻想
2,null,12,11,魔术
2,null,12,11,逐渐
2,null,12,11,瞧见
2,null,12,11,确定
2,null,12,11,雨丝
2,null,12,11,恰好
2,null,12,11,触碰
2,null,12,11,晃荡
2,null,12,11,储存
2,null,12,11,保护罩
2,null,12,11,一眨眼
2,null,12,11,窃窃私语
2,null,12,11,垂头丧气
2,null,12,12,毕业
2,null,12,12,诚恳
2,null,12,12,邀请
2,null,12,12,仪式
2,null,12,12,钢琴
2,null,12,12,独奏
2,null,12,12,朗诵
2,null,12,12,温馨
2,null,12,12,服务
2,null,12,12,嘱咐
2,null,12,12,关键
2,null,12,12,羡慕
2,null,12,12,彻底
2,null,12,12,实验
2,null,12,12,研究
2,null,12,12,痕迹
2,null,12,12,稍微
2,null,12,12,抱怨
2,null,12,12,放弃
2,null,12,12,召唤
2,null,12,12,前途
2,null,12,12,恒心
2,null,12,12,孤单
2,null,12,12,寂寞
2,null,12,12,守望
2,null,12,12,第一届
2,null,12,12,忙忙碌碌
2,null,12,12,半途而废
2,null,3,9,升上来
2,null,3,9,称一称
2,null,3,9,古时候
2,null,3,9,一面墙
2,null,4,15,百花盛开
2,null,5,9,一段(时间)
2,null,9,2,相信
2,null,9,2,一定
2,null,9,3,按钮
2,null,9,17,一万
2,null,9,17,一千
2,null,9,17,第一题
2,null,2,9,雨伞
2,null,2,9,放学
2,null,2,9,着急
2,null,2,9,门铃
2,null,2,9,摸着
2,null,2,9,淋湿
2,null,2,9,凉快
2,null,2,9,防晒霜
2,null,2,9,太阳眼镜
2,null,2,9,帽子
2,null,2,9,闪电
2,null,2,9,打雷
2,null,2,9,雷阵雨
2,null,2,9,扇子
2,null,2,9,天气预报
2,null,2,9,彩虹
2,null,2,9,烟霾
2,null,2,9,雨天
2,null,2,9,阴天
2,null,2,9,晴天
2,null,2,9,野餐
2,null,2,10,蚂蚁
2,null,2,10,蜜蜂
2,null,2,10,花丛
2,null,2,10,鱼儿
2,null,2,10,池塘
2,null,2,10,树枝
2,null,2,10,青蛙
2,null,2,10,害虫
2,null,2,10,事情
2,null,2,10,好像
2,null,2,10,结出
2,null,2,10,掉到
2,null,2,10,地方
2,null,2,10,泥土
2,null,2,10,树干
2,null,2,10,树叶
2,null,2,10,草丛
2,null,2,10,鸟窝
2,null,2,10,蜗牛
2,null,2,10,毛毛虫
2,null,2,10,蝴蝶
2,null,2,10,蝌蚪
2,null,2,10,蜻蜓
2,null,2,10,小鸟
2,null,2,10,捉虫子
2,null,2,10,采蜜
2,null,2,10,搬东西
2,null,2,10,蜘蛛
2,null,2,10,织网
2,null,8,9,雨伞
2,null,8,9,放学
2,null,8,9,着急
2,null,8,9,门铃
2,null,8,9,摸着
2,null,8,9,淋湿
2,null,8,9,孩子
2,null,8,9,凉快
2,null,8,9,防晒霜
2,null,8,9,太阳眼镜
2,null,8,9,帽子
2,null,8,9,闪电
2,null,8,9,打雷
2,null,8,9,雷阵雨
2,null,8,9,扇子
2,null,8,9,天气预报
2,null,8,9,彩虹
2,null,8,9,烟霾
2,null,8,9,雨天
2,null,8,9,阴天
2,null,8,9,晴天
2,null,8,9,野餐
2,null,8,10,蚂蚁
2,null,8,10,蜜蜂
2,null,8,10,花丛
2,null,8,10,池塘
2,null,8,10,树枝
2,null,8,10,青蛙
2,null,8,10,眼睛
2,null,8,10,害虫
2,null,8,10,事情
2,null,8,10,好像
2,null,8,10,结出
2,null,8,10,掉到
2,null,8,10,泥土
2,null,8,10,树干
2,null,8,10,树叶
2,null,8,10,草丛
2,null,8,10,鸟窝
2,null,8,10,蜗牛
2,null,8,10,毛毛虫
2,null,8,10,蝴蝶
2,null,8,10,蝌蚪
2,null,8,10,蜻蜓
2,null,8,10,小鸟
2,null,8,10,捉虫子
2,null,8,10,采蜜
2,null,8,10,搬东西
2,null,8,10,蜘蛛
2,null,8,10,织网
1,1,2,10,蜜
1,1,2,10,蜂
1,1,2,10,丛
1,1,2,10,池
1,1,2,10,枝
1,1,2,10,跳
1,1,2,10,清
1,1,2,10,蛙
1,1,2,10,害
1,1,2,10,情
1,1,2,10,让
1,1,2,10,像
1,1,2,10,窝
1,1,2,10,结
1,1,2,10,掉
1,1,2,10,泥
1,1,2,10,成
1,1,8,9,乌
1,1,8,9,闪
1,1,8,9,刮
1,1,8,9,记
1,1,8,9,得
1,1,8,9,窗
1,1,8,9,忘
1,1,8,9,急
1,1,8,9,铃
1,1,8,9,响
1,1,8,9,摸
1,1,8,9,淋
1,1,8,9,呢
1,1,8,10,蚂
1,1,8,10,蚁
1,1,8,10,爬
1,1,8,10,蜜
1,1,8,10,蜂
1,1,8,10,丛
1,1,8,10,池
1,1,8,10,枝
1,1,8,10,跳
1,1,8,10,清
1,1,8,10,蛙
1,1,8,10,害
1,1,8,10,情
1,1,8,10,让
1,1,8,10,像
1,1,8,10,窝
1,1,8,10,结
1,1,8,10,掉
1,1,8,10,泥
1,1,8,10,成
2,null,9,1,第一个
2,null,3,3,按钮
2,null,6,5,掩耳盗铃
2,null,6,7,抄抄写写
2,null,6,7,津津有味
2,null,6,7,左邻右舍
2,null,6,8,吞了吞口水
2,null,5,4,幸福
2,null,11,4,一溜烟
1,1,6,6,佩
1,1,12,2,唇
1,1,6,1,榜
1,1,11,5,避
1,1,12,9,晕
1,1,6,9,荡
1,1,12,11,储
1,1,5,12,悟
1,1,5,13,恢
1,1,11,11,狠
1,1,11,14,恢
1,1,2,11,纸
1,1,2,11,机
1,1,2,11,块
1,1,2,11,跟
1,1,2,11,棋
1,1,2,11,搭
1,1,2,11,积
1,1,2,11,布
1,1,2,11,娃
1,1,2,11,吧
1,1,2,11,器
1,1,2,11,许
1,1,2,11,绳
1,1,2,11,捏
1,1,2,11,拼
1,1,2,11,船
1,1,2,11,更
1,1,2,11,鹰
1,1,2,11,追
1,2,2,11,过
1,2,2,11,机
1,2,2,11,吗
1,2,2,11,块
1,2,2,11,跟
1,2,2,11,跳
1,2,2,11,象
1,2,2,11,石
1,2,2,11,更
1,1,2,12,永
1,1,2,12,轻
1,1,2,12,命
1,1,2,12,百
1,1,2,12,健
1,1,2,12,康
1,1,2,12,幸
1,1,2,12,愿
1,1,2,12,吹
1,1,2,12,糕
1,1,2,12,首
1,1,2,12,张
1,1,2,12,卡
1,1,2,12,影
1,1,2,12,票
1,1,2,12,礼
1,1,2,12,厅
1,1,2,12,奇
1,1,2,12,怪
1,1,2,12,活
1,1,2,12,宝
1,2,2,12,永
1,2,2,12,远
1,2,2,12,百
1,2,2,12,岁
1,2,2,12,吹
1,2,2,12,卡
1,2,2,12,写
1,2,2,12,想
1,2,2,12,宝
1,1,2,13,澡
1,1,2,13,睡
1,1,2,13,觉
1,1,2,13,羽
1,1,2,13,乖
1,1,2,13,总
1,1,2,13,聪
1,1,2,13,金
1,1,2,13,漂
1,1,2,13,吐
1,1,2,13,宠
1,1,2,13,岛
1,1,2,13,欺
1,1,2,13,负
1,1,2,13,丢
1,1,2,13,梦
1,1,2,13,围
1,1,2,13,迎
1,1,2,13,识
1,1,2,13,醒
1,2,2,13,猫
1,2,2,13,爱
1,2,2,13,狗
1,2,2,13,总
1,2,2,13,医
1,2,2,13,丢
1,2,2,13,那
1,2,2,13,兔
1,2,2,13,前
1,1,2,14,难
1,1,2,14,易
1,1,2,14,粗
1,1,2,14,细
1,1,2,14,抢
1,1,2,14,推
1,1,2,14,讨
1,1,2,14,厌
1,1,2,14,争
1,1,2,14,吵
1,1,2,14,弄
1,1,2,14,破
1,1,2,14,撞
1,1,2,14,倒
1,1,2,14,伤
1,1,2,14,容
1,1,2,14,能
1,1,2,14,晶
1,1,2,14,道
1,1,2,14,虹
1,2,2,14,难
1,2,2,14,易
1,2,2,14,争
1,2,2,14,吵
1,2,2,14,伤
1,2,2,14,笔
1,2,2,14,容
1,2,2,14,作
1,2,2,14,草
1,1,2,15,茄
1,1,2,15,紫
1,1,2,15,番
1,1,2,15,芽
1,1,2,15,扁
1,1,2,15,玉
1,1,2,15,比
1,1,2,15,伯
1,1,2,15,萝
1,1,2,15,卜
1,1,2,15,煮
1,1,2,15,鼠
1,1,2,15,或
1,1,2,15,者
1,1,2,15,猪
1,1,2,15,拔
1,1,2,15,摘
1,1,2,15,挖
1,1,2,15,考
1,1,2,15,根
1,1,2,15,实
1,2,2,15,黄
1,2,2,15,菜
1,2,2,15,扁
1,2,2,15,瓜
1,2,2,15,甜
1,2,2,15,比
1,2,2,15,哭
1,2,2,15,黑
1,2,2,15,考
1,1,2,16,持
1,1,2,16,静
1,1,2,16,绘
1,1,2,16,趣
1,1,2,16,借
1,1,2,16,次
1,1,2,16,英
1,1,2,16,遍
1,1,2,16,架
1,1,2,16,箱
1,1,2,16,盒
1,1,2,16,案
1,1,2,16,附
1,1,2,16,近
1,1,2,16,满
1,1,2,16,始
1,1,2,16,样
1,1,2,16,候
1,1,2,16,知
1,1,2,16,指
1,2,2,16,声
1,2,2,16,话
1,2,2,16,借
1,2,2,16,次
1,2,2,16,首
1,2,2,16,英
1,2,2,16,故
1,2,2,16,事
1,2,2,16,样
1,2,2,16,具
1,1,2,17,逛
1,1,2,17,夜
1,1,2,17,市
1,1,2,17,烤
1,1,2,17,肠
1,1,2,17,翅
1,1,2,17,射
1,1,2,17,碰
1,1,2,17,饮
1,1,2,17,料
1,1,2,17,踢
1,1,2,17,筝
1,1,2,17,但
1,1,2,17,闹
1,1,2,17,摊
1,1,2,17,阵
1,1,2,17,引
1,1,2,17,群
1,1,2,17,套
1,1,2,17,圈
1,2,2,17,夜
1,2,2,17,市
1,2,2,17,炸
1,2,2,17,鸡
1,2,2,17,球
1,2,2,17,楼
1,2,2,17,灯
1,2,2,17,排
1,1,2,18,馆
1,1,2,18,院
1,1,2,18,植
1,1,2,18,海
1,1,2,18,岸
1,1,2,18,参
1,1,2,18,观
1,1,2,18,野
1,1,2,18,泳
1,1,2,18,沙
1,1,2,18,捡
1,1,2,18,壳
1,1,2,18,区
1,1,2,18,处
1,1,2,18,街
1,1,2,18,整
1,1,2,18,齐
1,1,2,18,离
1,1,2,18,城
1,2,2,18,海
1,2,2,18,步
1,2,2,18,游
1,2,2,18,泳
1,2,2,18,区
1,2,2,18,现
1,2,2,18,处
1,2,2,18,树
1,2,2,18,净
1,1,2,19,浇
1,1,2,19,桶
1,1,2,19,厕
1,1,2,19,所
1,1,2,19,告
1,1,2,19,诉
1,1,2,19,珍
1,1,2,19,惜
1,1,2,19,滴
1,1,2,19,约
1,1,2,19,浪
1,1,2,19,费
1,1,2,19,流
1,1,2,19,连
1,1,2,19,线
1,1,2,19,断
1,1,2,19,猜
1,1,2,19,摇
1,1,2,19,渴
1,1,2,19,低
1,2,2,19,洗
1,2,2,19,冲
1,2,2,19,告
1,2,2,19,诉
1,2,2,19,活
1,2,2,19,连
1,2,2,19,忙
1,2,2,19,凉
1,2,2,19,脸
1,1,8,11,纸
1,1,8,11,机
1,1,8,11,块
1,1,8,11,跟
1,1,8,11,棋
1,1,8,11,搭
1,1,8,11,积
1,1,8,11,布
1,1,8,11,娃
1,1,8,11,吧
1,1,8,11,器
1,1,8,11,许
1,1,8,11,绳
1,1,8,11,捏
1,1,8,11,拼
1,1,8,11,船
1,1,8,11,更
1,1,8,11,鹰
1,1,8,11,追
1,2,8,11,过
1,2,8,11,机
1,2,8,11,吗
1,2,8,11,块
1,2,8,11,跟
1,2,8,11,娃
1,2,8,11,吧
1,2,8,11,最
1,2,8,11,图
1,2,8,11,象
1,2,8,11,更
1,2,8,11,鸡
1,1,8,12,永
1,1,8,12,轻
1,1,8,12,命
1,1,8,12,百
1,1,8,12,健
1,1,8,12,康
1,1,8,12,幸
1,1,8,12,愿
1,1,8,12,吹
1,1,8,12,糕
1,1,8,12,首
1,1,8,12,张
1,1,8,12,卡
1,1,8,12,影
1,1,8,12,票
1,1,8,12,礼
1,1,8,12,厅
1,1,8,12,奇
1,1,8,12,怪
1,1,8,12,活
1,1,8,12,宝
1,2,8,12,永
1,2,8,12,百
1,2,8,12,健
1,2,8,12,康
1,2,8,12,吹
1,2,8,12,张
1,2,8,12,卡
1,2,8,12,礼
1,2,8,12,桌
1,2,8,12,写
1,2,8,12,些
1,2,8,12,宝
1,1,8,13,澡
1,1,8,13,睡
1,1,8,13,觉
1,1,8,13,羽
1,1,8,13,乖
1,1,8,13,总
1,1,8,13,聪
1,1,8,13,金
1,1,8,13,漂
1,1,8,13,吐
1,1,8,13,宠
1,1,8,13,岛
1,1,8,13,欺
1,1,8,13,负
1,1,8,13,丢
1,1,8,13,梦
1,1,8,13,围
1,1,8,13,迎
1,1,8,13,识
1,1,8,13,醒
1,2,8,13,猫
1,2,8,13,狗
1,2,8,13,总
1,2,8,13,医
1,2,8,13,丢
1,2,8,13,晚
1,2,8,13,梦
1,2,8,13,那
1,2,8,13,兔
1,2,8,13,觉
1,2,8,13,得
1,2,8,13,前
1,1,8,14,难
1,1,8,14,易
1,1,8,14,粗
1,1,8,14,细
1,1,8,14,抢
1,1,8,14,推
1,1,8,14,讨
1,1,8,14,厌
1,1,8,14,争
1,1,8,14,吵
1,1,8,14,弄
1,1,8,14,破
1,1,8,14,撞
1,1,8,14,倒
1,1,8,14,伤
1,1,8,14,容
1,1,8,14,能
1,1,8,14,晶
1,1,8,14,道
1,1,8,14,虹
1,2,8,14,难
1,2,8,14,易
1,2,8,14,争
1,2,8,14,吵
1,2,8,14,应
1,2,8,14,该
1,2,8,14,伤
1,2,8,14,容
1,2,8,14,能
1,2,8,14,呢
1,2,8,14,作
1,2,8,14,脸
1,1,8,15,茄
1,1,8,15,紫
1,1,8,15,番
1,1,8,15,芽
1,1,8,15,扁
1,1,8,15,玉
1,1,8,15,比
1,1,8,15,伯
1,1,8,15,萝
1,1,8,15,卜
1,1,8,15,煮
1,1,8,15,鼠
1,1,8,15,或
1,1,8,15,者
1,1,8,15,猪
1,1,8,15,拔
1,1,8,15,摘
1,1,8,15,挖
1,1,8,15,考
1,1,8,15,根
1,1,8,15,实
1,2,8,15,黄
1,2,8,15,菜
1,2,8,15,扁
1,2,8,15,瓜
1,2,8,15,比
1,2,8,15,汤
1,2,8,15,就
1,2,8,15,拔
1,2,8,15,哭
1,2,8,15,黑
1,2,8,15,考
1,1,8,16,持
1,1,8,16,静
1,1,8,16,绘
1,1,8,16,趣
1,1,8,16,借
1,1,8,16,次
1,1,8,16,英
1,1,8,16,遍
1,1,8,16,架
1,1,8,16,箱
1,1,8,16,盒
1,1,8,16,案
1,1,8,16,附
1,1,8,16,近
1,1,8,16,满
1,1,8,16,始
1,1,8,16,样
1,1,8,16,候
1,1,8,16,知
1,1,8,16,指
1,2,8,16,声
1,2,8,16,话
1,2,8,16,借
1,2,8,16,次
1,2,8,16,首
1,2,8,16,英
1,2,8,16,讲
1,2,8,16,故
1,2,8,16,事
1,2,8,16,样
1,2,8,16,具
1,2,8,16,知
1,2,8,16,道
1,1,8,17,逛
1,1,8,17,夜
1,1,8,17,市
1,1,8,17,烤
1,1,8,17,肠
1,1,8,17,翅
1,1,8,17,射
1,1,8,17,碰
1,1,8,17,饮
1,1,8,17,料
1,1,8,17,踢
1,1,8,17,筝
1,1,8,17,但
1,1,8,17,闹
1,1,8,17,摊
1,1,8,17,阵
1,1,8,17,引
1,1,8,17,群
1,1,8,17,套
1,1,8,17,圈
1,2,8,17,夜
1,2,8,17,市
1,2,8,17,烤
1,2,8,17,炸
1,2,8,17,踢
1,2,8,17,楼
1,2,8,17,静
1,2,8,17,热
1,2,8,17,闹
1,2,8,17,颜
1,2,8,17,椅
1,1,8,18,馆
1,1,8,18,院
1,1,8,18,植
1,1,8,18,海
1,1,8,18,岸
1,1,8,18,参
1,1,8,18,观
1,1,8,18,野
1,1,8,18,泳
1,1,8,18,沙
1,1,8,18,捡
1,1,8,18,壳
1,1,8,18,区
1,1,8,18,处
1,1,8,18,街
1,1,8,18,整
1,1,8,18,齐
1,1,8,18,离
1,1,8,18,城
1,2,8,18,海
1,2,8,18,参
1,2,8,18,观
1,2,8,18,国
1,2,8,18,游
1,2,8,18,泳
1,2,8,18,区
1,2,8,18,处
1,2,8,18,净
1,2,8,18,坡
1,1,8,19,浇
1,1,8,19,桶
1,1,8,19,厕
1,1,8,19,所
1,1,8,19,告
1,1,8,19,诉
1,1,8,19,珍
1,1,8,19,惜
1,1,8,19,滴
1,1,8,19,约
1,1,8,19,浪
1,1,8,19,费
1,1,8,19,流
1,1,8,19,连
1,1,8,19,线
1,1,8,19,断
1,1,8,19,猜
1,1,8,19,摇
1,1,8,19,渴
1,1,8,19,低
1,2,8,19,洗
1,2,8,19,告
1,2,8,19,诉
1,2,8,19,活
1,2,8,19,约
1,2,8,19,喝
1,2,8,19,婆
1,2,8,19,连
1,2,8,19,忙
1,2,8,19,猜
1,2,8,19,渴
1,2,8,19,重
2,null,2,11,纸飞机
2,null,2,11,方块
2,null,2,11,魔术方块
2,null,2,11,跳棋
2,null,2,11,搭积木
2,null,2,11,布娃娃
2,null,2,11,机器人
2,null,2,11,许多
2,null,2,11,跳绳
2,null,2,11,捏粘土
2,null,2,11,拼图
2,null,2,11,拼拼图
2,null,2,11,纸船
2,null,2,11,象棋
2,null,2,11,五石子
2,null,2,11,老鹰
2,null,2,11,遥控汽车
2,null,2,11,绒毛玩具
2,null,2,11,手影游戏
2,null,2,11,老鹰捉小鸡
2,null,2,11,跳飞机
2,null,2,11,剪刀石头布
2,null,2,11,踢毽子
2,null,2,11,玩家家酒
2,null,2,12,永远
2,null,2,12,年轻
2,null,2,12,长命百岁
2,null,2,12,健康
2,null,2,12,幸福
2,null,2,12,许愿
2,null,2,12,吹蜡烛
2,null,2,12,蛋糕
2,null,2,12,一首歌
2,null,2,12,一张生日卡
2,null,2,12,生日卡
2,null,2,12,电影票
2,null,2,12,礼物
2,null,2,12,客厅
2,null,2,12,写着
2,null,2,12,奇怪
2,null,2,12,活动
2,null,2,12,宝贝
2,null,2,12,办生日会
2,null,2,12,点蜡烛
2,null,2,12,唱生日歌
2,null,2,12,庆祝活动
2,null,2,12,电影院
2,null,2,12,看电影
2,null,2,12,点心
2,null,2,12,去餐馆吃饭
2,null,2,12,切蛋糕
2,null,2,12,麦克风
2,null,2,12,唱卡拉OK
2,null,2,12,薯条
2,null,2,12,三明治
2,null,2,12,汉堡包
2,null,2,12,去快餐店吃饭
2,null,2,13,小猫
2,null,2,13,爱护
2,null,2,13,洗澡
2,null,2,13,龙猫
2,null,2,13,睡觉
2,null,2,13,羽毛
2,null,2,13,小狗
2,null,2,13,总是
2,null,2,13,聪明
2,null,2,13,金鱼
2,null,2,13,漂亮
2,null,2,13,宠物
2,null,2,13,宠物日
2,null,2,13,兽医
2,null,2,13,爱心岛
2,null,2,13,欺负
2,null,2,13,梦见
2,null,2,13,那里
2,null,2,13,欢迎
2,null,2,13,认识
2,null,2,13,小白兔
2,null,2,13,醒来
2,null,2,13,以前
2,null,2,13,仓鼠
2,null,2,13,鱼缸
2,null,2,13,乌龟
2,null,2,13,鹦鹉
2,null,2,13,笼子
2,null,2,13,喂食
2,null,2,13,剪毛
2,null,2,13,换水
2,null,2,13,梳毛
2,null,2,13,清洗羽毛
2,null,2,13,玩耍
2,null,2,13,训练
2,null,2,13,清理粪便
2,null,2,14,讨厌
2,null,2,14,争吵
2,null,2,14,弄破
2,null,2,14,撞倒
2,null,2,14,伤心
2,null,2,14,蜡笔
2,null,2,14,容易
2,null,2,14,亮晶晶
2,null,2,14,合作
2,null,2,14,草地
2,null,2,14,一道彩虹
2,null,2,14,彩虹
2,null,2,14,害怕
2,null,2,14,皱眉头
2,null,2,14,生气
2,null,2,14,吵架
2,null,2,14,发脾气
2,null,2,15,茄子
2,null,2,15,番茄
2,null,2,15,豆芽
2,null,2,15,包菜
2,null,2,15,扁豆
2,null,2,15,苦瓜
2,null,2,15,玉米
2,null,2,15,伯伯
2,null,2,15,萝卜
2,null,2,15,老鼠
2,null,2,15,或者
2,null,2,15,小猪
2,null,2,15,果实
2,null,2,15,黑黑的
2,null,2,15,豆苗
2,null,2,15,长豆
2,null,2,15,白菜
2,null,2,15,生菜
2,null,2,15,菜心
2,null,2,15,西兰花
2,null,2,15,菠菜
2,null,2,15,芹菜
2,null,2,15,花椰菜
2,null,2,15,灯笼椒
2,null,2,15,辣椒
2,null,2,15,黄瓜
2,null,2,15,南瓜
2,null,2,15,马铃薯
2,null,2,16,保持
2,null,2,16,安静
2,null,2,16,大声
2,null,2,16,说话
2,null,2,16,绘本
2,null,2,16,有趣
2,null,2,16,借过
2,null,2,16,英语
2,null,2,16,书架
2,null,2,16,箱子
2,null,2,16,盒子
2,null,2,16,答案
2,null,2,16,附近
2,null,2,16,故事
2,null,2,16,坐满了
2,null,2,16,开始
2,null,2,16,各种各样
2,null,2,16,道具
2,null,2,16,时候
2,null,2,16,知道
2,null,2,16,指着
2,null,2,16,漫画
2,null,2,16,童话故事
2,null,2,16,儿童杂志
2,null,2,16,电子书
2,null,2,16,书名
2,null,2,16,封面
2,null,2,16,目录
2,null,2,16,插图
2,null,2,16,华文报纸
2,null,2,16,一份报纸
2,null,2,16,英文报纸
2,null,2,16,一张报纸
2,null,2,16,电脑
2,null,2,16,一台电脑
2,null,2,16,儿童百科全书
2,null,2,16,一套百科全书
2,null,2,16,讲故事
2,null,2,16,自助借书站
2,null,2,16,读书会
2,null,2,16,阅读角落
2,null,2,16,多媒体服务站
2,null,2,16,图书管理员
2,null,2,16,还书处
2,null,2,17,夜市
2,null,2,17,烤香肠
2,null,2,17,炸鸡翅
2,null,2,17,射气球
2,null,2,17,气球
2,null,2,17,碰碰车
2,null,2,17,饮料
2,null,2,17,踢足球
2,null,2,17,风筝
2,null,2,17,楼下
2,null,2,17,但是
2,null,2,17,热闹
2,null,2,17,灯光
2,null,2,17,摊位
2,null,2,17,一排排
2,null,2,17,一阵阵
2,null,2,17,引来
2,null,2,17,一群群
2,null,2,17,套圈圈
2,null,2,17,小吃摊
2,null,2,17,爆米花
2,null,2,17,棉花糖
2,null,2,17,烤肉串
2,null,2,17,饮料摊
2,null,2,17,嘟嘟糕
2,null,2,17,游戏摊
2,null,2,17,夹娃娃机
2,null,2,17,飞天椅
2,null,2,17,游乐园
2,null,2,17,摩天轮
2,null,2,17,充气城堡
2,null,2,17,小火车
2,null,2,18,餐馆
2,null,2,18,电影院
2,null,2,18,植物园
2,null,2,18,东海岸公园
2,null,2,18,参观
2,null,2,18,跑步
2,null,2,18,野餐
2,null,2,18,游泳
2,null,2,18,泥沙
2,null,2,18,贝壳
2,null,2,18,市区
2,null,2,18,发现
2,null,2,18,到处
2,null,2,18,树木
2,null,2,18,街道
2,null,2,18,整齐
2,null,2,18,干净
2,null,2,18,离开
2,null,2,18,城市
2,null,2,18,飞禽公园
2,null,2,18,看飞禽表演
2,null,2,18,裕华园
2,null,2,18,逛游园会
2,null,2,18,参观胡姬花园
2,null,2,18,听音乐会
2,null,2,18,圣淘沙
2,null,2,18,看音乐喷泉
2,null,2,18,坐缆车
2,null,2,18,鱼尾狮公园
2,null,2,18,拍照
2,null,2,18,河川生态园
2,null,2,18,星耀樟宜
2,null,2,18,滨海湾花园
2,null,2,18,观赏植物
2,null,2,18,看擎天树
2,null,2,18,灯光秀
2,null,2,18,坐摩天观景轮
2,null,2,18,捡贝壳
2,null,2,18,玩泥沙
2,null,2,19,洗米
2,null,2,19,洗菜
2,null,2,19,洗衣
2,null,2,19,浇花
2,null,2,19,马桶
2,null,2,19,冲马桶
2,null,2,19,厕所
2,null,2,19,告诉
2,null,2,19,珍惜
2,null,2,19,生活
2,null,2,19,节约
2,null,2,19,浪费
2,null,2,19,连忙
2,null,2,19,摇头
2,null,2,19,冲凉
2,null,2,19,低头
2,null,2,19,水龙头
2,null,2,19,水管
2,null,2,19,水箱
2,null,2,19,饮水机
2,null,2,19,水桶
2,null,2,19,水槽
2,null,2,19,热水壶
2,null,2,19,蓄水池
2,null,2,19,水沟
2,null,2,19,煮饭
2,null,2,19,养鱼
2,null,2,19,洗地板
2,null,2,19,做冰块
2,null,2,19,泡咖啡
2,null,8,11,纸飞机
2,null,8,11,方块
2,null,8,11,魔术方块
2,null,8,11,跳棋
2,null,8,11,搭积木
2,null,8,11,布娃娃
2,null,8,11,机器人
2,null,8,11,许多
2,null,8,11,跳绳
2,null,8,11,捏粘土
2,null,8,11,拼图
2,null,8,11,拼拼图
2,null,8,11,纸船
2,null,8,11,象棋
2,null,8,11,五石子
2,null,8,11,老鹰
2,null,8,11,小鸡
2,null,8,11,遥控汽车
2,null,8,11,绒毛玩具
2,null,8,11,手影游戏
2,null,8,11,老鹰捉小鸡
2,null,8,11,跳飞机
2,null,8,11,剪刀石头布
2,null,8,11,踢毽子
2,null,8,11,玩家家酒
2,null,8,12,永远
2,null,8,12,年轻
2,null,8,12,长命百岁
2,null,8,12,健康
2,null,8,12,幸福
2,null,8,12,许愿
2,null,8,12,吹蜡烛
2,null,8,12,蛋糕
2,null,8,12,一首歌
2,null,8,12,一张生日卡
2,null,8,12,生日卡
2,null,8,12,电影票
2,null,8,12,礼物
2,null,8,12,客厅
2,null,8,12,写着
2,null,8,12,奇怪
2,null,8,12,这些
2,null,8,12,活动
2,null,8,12,宝贝
2,null,8,12,办生日会
2,null,8,12,点蜡烛
2,null,8,12,唱生日歌
2,null,8,12,庆祝活动
2,null,8,12,电影院
2,null,8,12,看电影
2,null,8,12,点心
2,null,8,12,去餐馆吃饭
2,null,8,12,切蛋糕
2,null,8,12,麦克风
2,null,8,12,唱卡拉OK
2,null,8,12,薯条
2,null,8,12,三明治
2,null,8,12,汉堡包
2,null,8,12,去快餐店吃饭
2,null,8,13,小猫
2,null,8,13,洗澡
2,null,8,13,龙猫
2,null,8,13,睡觉
2,null,8,13,羽毛
2,null,8,13,小狗
2,null,8,13,总是
2,null,8,13,聪明
2,null,8,13,金鱼
2,null,8,13,漂亮
2,null,8,13,宠物
2,null,8,13,宠物日
2,null,8,13,兽医
2,null,8,13,爱心岛
2,null,8,13,欺负
2,null,8,13,梦见
2,null,8,13,晚上
2,null,8,13,那里
2,null,8,13,欢迎
2,null,8,13,认识
2,null,8,13,小白兔
2,null,8,13,醒来
2,null,8,13,觉得
2,null,8,13,以前
2,null,8,13,仓鼠
2,null,8,13,鱼缸
2,null,8,13,乌龟
2,null,8,13,鹦鹉
2,null,8,13,笼子
2,null,8,13,喂食
2,null,8,13,剪毛
2,null,8,13,换水
2,null,8,13,梳毛
2,null,8,13,清洗羽毛
2,null,8,13,玩耍
2,null,8,13,训练
2,null,8,13,清理粪便
2,null,8,14,讨厌
2,null,8,14,争吵
2,null,8,14,应该
2,null,8,14,弄破
2,null,8,14,撞倒
2,null,8,14,伤心
2,null,8,14,蜡笔
2,null,8,14,容易
2,null,8,14,亮晶晶
2,null,8,14,合作
2,null,8,14,一道彩虹
2,null,8,14,彩虹
2,null,8,14,害怕
2,null,8,14,皱眉头
2,null,8,14,生气
2,null,8,14,吵架
2,null,8,14,发脾气
2,null,8,15,茄子
2,null,8,15,番茄
2,null,8,15,豆芽
2,null,8,15,包菜
2,null,8,15,扁豆
2,null,8,15,苦瓜
2,null,8,15,玉米
2,null,8,15,伯伯
2,null,8,15,萝卜
2,null,8,15,萝卜汤
2,null,8,15,老鼠
2,null,8,15,或者
2,null,8,15,小猪
2,null,8,15,果实
2,null,8,15,黑黑的
2,null,8,15,豆苗
2,null,8,15,长豆
2,null,8,15,白菜
2,null,8,15,生菜
2,null,8,15,菜心
2,null,8,15,西兰花
2,null,8,15,菠菜
2,null,8,15,芹菜
2,null,8,15,花椰菜
2,null,8,15,灯笼椒
2,null,8,15,辣椒
2,null,8,15,黄瓜
2,null,8,15,南瓜
2,null,8,15,马铃薯
2,null,8,16,保持
2,null,8,16,安静
2,null,8,16,大声
2,null,8,16,说话
2,null,8,16,绘本
2,null,8,16,有趣
2,null,8,16,借过
2,null,8,16,英语
2,null,8,16,书架
2,null,8,16,箱子
2,null,8,16,盒子
2,null,8,16,答案
2,null,8,16,附近
2,null,8,16,讲故事
2,null,8,16,故事
2,null,8,16,坐满了
2,null,8,16,开始
2,null,8,16,各种各样
2,null,8,16,道具
2,null,8,16,时候
2,null,8,16,知道
2,null,8,16,指着
2,null,8,16,漫画
2,null,8,16,童话故事
2,null,8,16,儿童杂志
2,null,8,16,电子书
2,null,8,16,书名
2,null,8,16,封面
2,null,8,16,目录
2,null,8,16,插图
2,null,8,16,华文报纸
2,null,8,16,一份报纸
2,null,8,16,英文报纸
2,null,8,16,一张报纸
2,null,8,16,电脑
2,null,8,16,一台电脑
2,null,8,16,儿童百科全书
2,null,8,16,一套百科全书
2,null,8,16,自助借书站
2,null,8,16,读书会
2,null,8,16,阅读角落
2,null,8,16,多媒体服务站
2,null,8,16,图书管理员
2,null,8,16,还书处
2,null,8,17,夜市
2,null,8,17,烤香肠
2,null,8,17,炸鸡翅
2,null,8,17,射气球
2,null,8,17,气球
2,null,8,17,碰碰车
2,null,8,17,饮料
2,null,8,17,踢足球
2,null,8,17,风筝
2,null,8,17,楼下
2,null,8,17,安安静静
2,null,8,17,但是
2,null,8,17,热闹
2,null,8,17,五颜六色
2,null,8,17,摊位
2,null,8,17,一排排
2,null,8,17,一阵阵
2,null,8,17,引来
2,null,8,17,一群群
2,null,8,17,套圈圈
2,null,8,17,小吃摊
2,null,8,17,爆米花
2,null,8,17,棉花糖
2,null,8,17,烤肉串
2,null,8,17,饮料摊
2,null,8,17,嘟嘟糕
2,null,8,17,游戏摊
2,null,8,17,夹娃娃机
2,null,8,17,飞天椅
2,null,8,17,游乐园
2,null,8,17,摩天轮
2,null,8,17,充气城堡
2,null,8,17,小火车
2,null,8,18,餐馆
2,null,8,18,电影院
2,null,8,18,植物园
2,null,8,18,东海岸公园
2,null,8,18,参观
2,null,8,18,国家
2,null,8,18,野餐
2,null,8,18,游泳
2,null,8,18,泥沙
2,null,8,18,贝壳
2,null,8,18,市区
2,null,8,18,到处
2,null,8,18,街道
2,null,8,18,整齐
2,null,8,18,干净
2,null,8,18,新加坡
2,null,8,18,离开
2,null,8,18,城市
2,null,8,18,飞禽公园
2,null,8,18,看飞禽表演
2,null,8,18,裕华园
2,null,8,18,逛游园会
2,null,8,18,参观胡姬花园
2,null,8,18,听音乐会
2,null,8,18,圣淘沙
2,null,8,18,看音乐喷泉
2,null,8,18,坐缆车
2,null,8,18,鱼尾狮公园
2,null,8,18,拍照
2,null,8,18,河川生态园
2,null,8,18,星耀樟宜
2,null,8,18,滨海湾花园
2,null,8,18,观赏植物
2,null,8,18,看擎天树
2,null,8,18,灯光秀
2,null,8,18,坐摩天观景轮
2,null,8,18,捡贝壳
2,null,8,18,玩泥沙
2,null,8,19,洗米
2,null,8,19,洗菜
2,null,8,19,洗衣
2,null,8,19,浇花
2,null,8,19,马桶
2,null,8,19,冲马桶
2,null,8,19,厕所
2,null,8,19,告诉
2,null,8,19,珍惜
2,null,8,19,生活
2,null,8,19,节约
2,null,8,19,喝水
2,null,8,19,外婆
2,null,8,19,浪费
2,null,8,19,连忙
2,null,8,19,摇头
2,null,8,19,重要
2,null,8,19,低头
2,null,8,19,水龙头
2,null,8,19,水管
2,null,8,19,水箱
2,null,8,19,饮水机
2,null,8,19,水桶
2,null,8,19,水槽
2,null,8,19,热水壶
2,null,8,19,蓄水池
2,null,8,19,水沟
2,null,8,19,煮饭
2,null,8,19,养鱼
2,null,8,19,洗地板
2,null,8,19,做冰块
1,1,12,12,寞
2,null,10,12,天鹅湖
2,null,10,12,纪念品
2,null,2,18,堆沙堡
2,null,8,18,堆沙堡
2,null,8,19,泡咖啡
1,2,7,17,每
1,2,11,16,妙
1,2,11,16,盲
2,null,7,18,熊
2,null,7,18,豹
2,null,7,18,犀牛
2,null,7,18,长颈鹿
2,null,7,18,鼻子
2,null,7,18,颈项
2,null,7,8,病假单
2,null,7,8,体温计
2,null,7,11,右
2,null,7,11,胖
2,null,7,11,瘦
2,null,7,11,高
2,null,7,11,矮
2,null,7,11,头发长
2,null,7,11,头发短
2,null,7,11,头发卷卷的
2,null,7,11,头发直直的
2,null,7,11,脸圆圆的
2,null,7,11,脸尖尖的
2,null,7,11,戴眼镜
2,null,7,14,书桌
2,null,7,14,椅子
2,null,7,15,橙
2,null,7,15,苦苦的
2,null,7,15,酸酸的
2,null,7,15,甜甜的
1,1,3,1,斗
1,1,3,1,赶
1,1,3,1,功
1,1,3,1,科
1,1,3,1,将
1,1,3,1,当
1,1,3,1,司
1,1,3,1,希
1,1,3,1,望
1,1,3,1,军
1,1,3,1,卫
1,1,3,1,练
1,1,3,1,努
1,1,3,1,篇
1,1,3,1,复
1,1,3,1,交
1,1,3,1,举
1,1,3,1,翻
1,1,3,2,陈
1,1,3,2,胡
1,1,3,2,李
1,1,3,2,吴
1,1,3,2,言
1,1,3,2,姓
1,1,3,2,名
1,1,3,2,胖
1,1,3,2,瘦
1,1,3,2,矮
1,1,3,2,意
1,1,3,2,思
1,1,3,2,姑
1,1,3,2,谈
1,1,3,2,题
1,1,3,2,退
1,1,3,2,信
1,1,3,3,陪
1,1,3,3,装
1,1,3,3,辆
1,1,3,3,单
1,1,3,3,超
1,1,3,3,按
1,1,3,3,盖
1,1,3,3,吸
1,1,3,3,管
1,1,3,3,弹
1,1,3,3,钟
1,1,3,3,背
1,1,3,3,粉
1,1,3,3,状
1,1,3,3,准
1,1,3,3,改
1,1,3,3,迟
1,1,3,3,惯
1,1,3,4,内
1,1,3,4,入
1,1,3,4,由
1,1,3,4,浅
1,1,3,4,深
1,1,3,4,窄
1,1,3,4,宽
1,1,3,4,化
1,1,3,4,越
1,1,3,4,幼
1,1,3,4,死
1,1,3,4,摆
1,1,3,4,腿
1,1,3,4,嘴
1,1,3,4,喊
1,1,3,4,披
1,1,3,4,露
1,1,3,4,肚
1,1,3,5,脑
1,1,3,5,展
1,1,3,5,旅
1,1,3,5,艺
1,1,3,5,傍
1,1,3,5,报
1,1,3,5,杂
1,1,3,5,志
1,1,3,5,号
1,1,3,5,刚
1,1,3,5,付
1,1,3,5,钱
1,1,3,5,束
1,1,3,5,鲜
1,1,3,5,提
1,1,3,5,备
1,1,3,6,软
1,1,3,6,硬
1,1,3,6,松
1,1,3,6,紧
1,1,3,6,失
1,1,3,6,错
1,1,3,6,误
1,1,3,6,扔
1,1,3,6,谅
1,1,3,6,系
1,1,3,6,突
1,1,3,6,及
1,1,3,6,理
1,1,3,6,赛
1,1,3,6,跌
1,1,3,6,受
1,1,3,6,刻
1,1,3,7,碎
1,1,3,7,赔
1,1,3,7,留
1,1,3,7,便
1,1,3,7,盆
1,1,3,7,歉
1,1,3,7,堂
1,1,3,7,溜
1,1,3,7,踩
1,1,3,7,镜
1,1,3,7,休
1,1,3,7,息
1,1,3,7,视
1,1,3,7,脱
1,1,3,7,搬
1,1,3,7,板
1,1,3,7,灵
1,1,3,8,需
1,1,3,8,贺
1,1,3,8,部
1,1,3,8,涂
1,1,3,8,洞
1,1,3,8,吊
1,1,3,8,笼
1,1,3,8,挂
1,1,3,8,裙
1,1,3,8,裤
1,1,3,8,求
1,1,3,8,较
1,1,3,8,晒
1,1,3,8,歪
1,1,3,8,乱
1,1,3,8,累
1,1,3,8,汗
1,1,3,8,塞
1,1,3,9,熊
1,1,3,9,坑
1,1,3,9,鼻
1,1,3,9,救
1,1,3,9,猴
1,1,3,9,竿
1,1,3,9,篮
1,1,3,9,喷
1,1,3,9,升
1,1,3,9,称
1,1,3,9,官
1,1,3,9,墙
1,1,3,9,沉
1,1,3,9,量
1,1,3,9,夸
1,1,3,9,神
1,2,3,1,功
1,2,3,1,当
1,2,3,1,成
1,2,3,1,为
1,2,3,1,就
1,2,3,1,讲
1,2,3,1,课
1,2,3,1,做
1,2,3,1,第
1,2,3,1,交
1,2,3,1,件
1,2,3,1,读
1,2,3,2,双
1,2,3,2,名
1,2,3,2,帮
1,2,3,2,聪
1,2,3,2,因
1,2,3,2,语
1,2,3,2,些
1,2,3,2,奇
1,2,3,2,怪
1,2,3,2,信
1,2,3,2,定
1,2,3,2,梦
1,2,3,3,喝
1,2,3,3,蓝
1,2,3,3,床
1,2,3,3,伙
1,2,3,3,伴
1,2,3,3,背
1,2,3,3,表
1,2,3,3,响
1,2,3,3,睡
1,2,3,3,觉
1,2,3,3,迟
1,2,3,3,字
1,2,3,3,真
1,2,3,4,变
1,2,3,4,短
1,2,3,4,绿
1,2,3,4,化
1,2,3,4,细
1,2,3,4,根
1,2,3,4,条
1,2,3,4,哪
1,2,3,4,找
1,2,3,4,孩
1,2,3,4,已
1,2,3,4,经
1,2,3,5,脑
1,2,3,5,食
1,2,3,5,彩
1,2,3,5,晚
1,2,3,5,或
1,2,3,5,者
1,2,3,5,号
1,2,3,5,扫
1,2,3,5,都
1,2,3,5,收
1,2,3,5,知
1,2,3,5,道
1,2,3,6,应
1,2,3,6,该
1,2,3,6,错
1,2,3,6,推
1,2,3,6,破
1,2,3,6,及
1,2,3,6,爬
1,2,3,6,怎
1,2,3,6,扶
1,2,3,6,意
1,2,3,6,思
1,2,3,6,谢
1,2,3,7,钱
1,2,3,7,张
1,2,3,7,便
1,2,3,7,堂
1,2,3,7,病
1,2,3,7,休
1,2,3,7,息
1,2,3,7,视
1,2,3,7,轻
1,2,3,7,路
1,2,3,7,情
1,2,3,7,脚
1,2,3,8,接
1,2,3,8,着
1,2,3,8,穿
1,2,3,8,然
1,2,3,8,台
1,2,3,8,客
1,2,3,8,服
1,2,3,8,始
1,2,3,8,让
1,2,3,8,重
1,2,3,8,乱
1,2,3,8,汗
1,2,3,9,倒
1,2,3,9,河
1,2,3,9,救
1,2,3,9,篮
1,2,3,9,满
1,2,3,9,像
1,2,3,9,谁
1,2,3,9,答
1,2,3,9,拉
1,2,3,9,最
1,2,3,9,夸
1,2,3,9,童
1,1,9,1,斗
1,1,9,1,赶
1,1,9,1,功
1,1,9,1,科
1,1,9,1,将
1,1,9,1,当
1,1,9,1,司
1,1,9,1,希
1,1,9,1,望
1,1,9,1,军
1,1,9,1,卫
1,1,9,1,练
1,1,9,1,努
1,1,9,1,篇
1,1,9,1,复
1,1,9,1,交
1,1,9,1,举
1,1,9,1,翻
1,1,9,2,陈
1,1,9,2,胡
1,1,9,2,李
1,1,9,2,吴
1,1,9,2,言
1,1,9,2,姓
1,1,9,2,名
1,1,9,2,胖
1,1,9,2,瘦
1,1,9,2,矮
1,1,9,2,意
1,1,9,2,思
1,1,9,2,姑
1,1,9,2,谈
1,1,9,2,题
1,1,9,2,退
1,1,9,2,信
1,1,9,3,陪
1,1,9,3,装
1,1,9,3,辆
1,1,9,3,单
1,1,9,3,超
1,1,9,3,按
1,1,9,3,盖
1,1,9,3,吸
1,1,9,3,管
1,1,9,3,弹
1,1,9,3,钟
1,1,9,3,背
1,1,9,3,粉
1,1,9,3,状
1,1,9,3,准
1,1,9,3,改
1,1,9,3,迟
1,1,9,3,惯
1,1,9,4,内
1,1,9,4,入
1,1,9,4,由
1,1,9,4,浅
1,1,9,4,深
1,1,9,4,窄
1,1,9,4,宽
1,1,9,4,化
1,1,9,4,越
1,1,9,4,幼
1,1,9,4,死
1,1,9,4,摆
1,1,9,4,腿
1,1,9,4,嘴
1,1,9,4,喊
1,1,9,4,披
1,1,9,4,露
1,1,9,4,肚
1,1,9,5,脑
1,1,9,5,展
1,1,9,5,旅
1,1,9,5,艺
1,1,9,5,傍
1,1,9,5,报
1,1,9,5,杂
1,1,9,5,志
1,1,9,5,号
1,1,9,5,刚
1,1,9,5,付
1,1,9,5,钱
1,1,9,5,束
1,1,9,5,鲜
1,1,9,5,提
1,1,9,5,备
1,1,9,6,软
1,1,9,6,硬
1,1,9,6,松
1,1,9,6,紧
1,1,9,6,失
1,1,9,6,错
1,1,9,6,误
1,1,9,6,扔
1,1,9,6,谅
1,1,9,6,系
1,1,9,6,突
1,1,9,6,及
1,1,9,6,理
1,1,9,6,赛
1,1,9,6,跌
1,1,9,6,受
1,1,9,6,刻
1,1,9,7,碎
1,1,9,7,赔
1,1,9,7,留
1,1,9,7,便
1,1,9,7,盆
1,1,9,7,歉
1,1,9,7,堂
1,1,9,7,溜
1,1,9,7,踩
1,1,9,7,镜
1,1,9,7,休
1,1,9,7,息
1,1,9,7,视
1,1,9,7,脱
1,1,9,7,搬
1,1,9,7,板
1,1,9,7,灵
1,1,9,8,需
1,1,9,8,贺
1,1,9,8,部
1,1,9,8,涂
1,1,9,8,洞
1,1,9,8,吊
1,1,9,8,笼
1,1,9,8,挂
1,1,9,8,裙
1,1,9,8,裤
1,1,9,8,求
1,1,9,8,较
1,1,9,8,晒
1,1,9,8,歪
1,1,9,8,乱
1,1,9,8,累
1,1,9,8,汗
1,1,9,8,塞
1,1,9,9,熊
1,1,9,9,坑
1,1,9,9,鼻
1,1,9,9,救
1,1,9,9,猴
1,1,9,9,竿
1,1,9,9,篮
1,1,9,9,喷
1,1,9,9,升
1,1,9,9,称
1,1,9,9,官
1,1,9,9,墙
1,1,9,9,沉
1,1,9,9,量
1,1,9,9,夸
1,1,9,9,神
1,2,9,1,功
1,2,9,1,当
1,2,9,1,希
1,2,9,1,望
1,2,9,1,成
1,2,9,1,为
1,2,9,1,练
1,2,9,1,努
1,2,9,1,愿
1,2,9,1,实
1,2,9,1,课
1,2,9,1,做
1,2,9,1,交
1,2,9,1,举
1,2,9,1,件
1,2,9,1,读
1,2,9,1,遍
1,2,9,2,双
1,2,9,2,姓
1,2,9,2,名
1,2,9,2,胖
1,2,9,2,懂
1,2,9,2,聪
1,2,9,2,意
1,2,9,2,思
1,2,9,2,卷
1,2,9,2,因
1,2,9,2,语
1,2,9,2,奇
1,2,9,2,怪
1,2,9,2,信
1,2,9,2,定
1,2,9,2,真
1,2,9,3,蓝
1,2,9,3,床
1,2,9,3,按
1,2,9,3,盖
1,2,9,3,钟
1,2,9,3,伙
1,2,9,3,伴
1,2,9,3,背
1,2,9,3,表
1,2,9,3,颜
1,2,9,3,响
1,2,9,3,睡
1,2,9,3,改
1,2,9,3,掉
1,2,9,3,迟
1,2,9,3,字
1,2,9,3,陪
1,2,9,4,变
1,2,9,4,短
1,2,9,4,绿
1,2,9,4,化
1,2,9,4,细
1,2,9,4,根
1,2,9,4,越
1,2,9,4,着
1,2,9,4,尾
1,2,9,4,条
1,2,9,4,阿
1,2,9,4,姨
1,2,9,4,哪
1,2,9,4,喊
1,2,9,4,服
1,2,9,4,肚
1,2,9,5,脑
1,2,9,5,食
1,2,9,5,彩
1,2,9,5,傍
1,2,9,5,脚
1,2,9,5,或
1,2,9,5,者
1,2,9,5,特
1,2,9,5,别
1,2,9,5,号
1,2,9,5,附
1,2,9,5,近
1,2,9,5,付
1,2,9,5,钱
1,2,9,5,情
1,2,9,5,准
1,2,9,5,备
1,2,9,6,错
1,2,9,6,推
1,2,9,6,撞
1,2,9,6,原
1,2,9,6,谅
1,2,9,6,弄
1,2,9,6,破
1,2,9,6,像
1,2,9,6,及
1,2,9,6,倒
1,2,9,6,谁
1,2,9,6,跌
1,2,9,6,受
1,2,9,6,扶
1,2,9,6,谢
1,2,9,7,赔
1,2,9,7,留
1,2,9,7,便
1,2,9,7,堂
1,2,9,7,镜
1,2,9,7,病
1,2,9,7,休
1,2,9,7,息
1,2,9,7,视
1,2,9,7,轻
1,2,9,7,脱
1,2,9,7,路
1,2,9,7,搬
1,2,9,7,碰
1,2,9,7,灵
1,2,9,8,纸
1,2,9,8,部
1,2,9,8,接
1,2,9,8,穿
1,2,9,8,然
1,2,9,8,台
1,2,9,8,客
1,2,9,8,厅
1,2,9,8,始
1,2,9,8,整
1,2,9,8,齐
1,2,9,8,让
1,2,9,8,乱
1,2,9,8,累
1,2,9,8,汗
1,2,9,9,鼻
1,2,9,9,伸
1,2,9,9,河
1,2,9,9,救
1,2,9,9,篮
1,2,9,9,停
1,2,9,9,满
1,2,9,9,升
1,2,9,9,题
1,2,9,9,答
1,2,9,9,拉
1,2,9,9,船
1,2,9,9,量
1,2,9,9,夸
1,2,9,9,童
2,null,3,1,当
2,null,3,1,就
2,null,3,1,篇
2,null,3,1,做
2,null,3,1,交
2,null,3,1,件
2,null,3,1,翻
2,null,3,1,读
2,null,3,1,龙争虎斗
2,null,3,1,你追我赶
2,null,3,1,马到成功
2,null,3,1,科学
2,null,3,1,科学家
2,null,3,1,将来
2,null,3,1,司机
2,null,3,1,希望
2,null,3,1,成为
2,null,3,1,军人
2,null,3,1,保卫
2,null,3,1,练习
2,null,3,1,努力
2,null,3,1,讲故事
2,null,3,1,课文
2,null,3,1,复习
2,null,3,1,功课
2,null,3,1,第一个
2,null,3,1,举手
2,null,3,2,陈
2,null,3,2,双
2,null,3,2,胡
2,null,3,2,李
2,null,3,2,吴
2,null,3,2,姓
2,null,3,2,名
2,null,3,2,胖
2,null,3,2,瘦
2,null,3,2,矮
2,null,3,2,帮手
2,null,3,2,聪明
2,null,3,2,意思
2,null,3,2,姑妈
2,null,3,2,因为
2,null,3,2,语言
2,null,3,2,华语
2,null,3,2,英语
2,null,3,2,马来语
2,null,3,2,法语
2,null,3,2,谈天
2,null,3,2,一些
2,null,3,2,奇怪
2,null,3,2,问题
2,null,3,2,后退
2,null,3,2,相信
2,null,3,2,一定
2,null,3,2,梦想成真
2,null,3,3,装
2,null,3,3,喝
2,null,3,3,辆
2,null,3,3,弹
2,null,3,3,响
2,null,3,3,陪伴
2,null,3,3,蓝色
2,null,3,3,床单
2,null,3,3,起床
2,null,3,3,超人
2,null,3,3,按钮
2,null,3,3,盖子
2,null,3,3,吸管
2,null,3,3,闹钟
2,null,3,3,伙伴
2,null,3,3,背着
2,null,3,3,手表
2,null,3,3,表姐
2,null,3,3,表盖
2,null,3,3,粉红
2,null,3,3,形状
2,null,3,3,睡觉
2,null,3,3,准时
2,null,3,3,改掉
2,null,3,3,迟到
2,null,3,3,习惯
2,null,3,3,名字
2,null,3,3,名单
2,null,3,3,真是
2,null,3,4,内
2,null,3,4,入
2,null,3,4,由
2,null,3,4,浅
2,null,3,4,深
2,null,3,4,窄
2,null,3,4,宽
2,null,3,4,短
2,null,3,4,细
2,null,3,4,根
2,null,3,4,死
2,null,3,4,条
2,null,3,4,找
2,null,3,4,喊
2,null,3,4,绿豆
2,null,3,4,变化
2,null,3,4,越来越……
2,null,3,4,幼苗
2,null,3,4,摆动
2,null,3,4,后腿
2,null,3,4,前腿
2,null,3,4,哪里
2,null,3,4,嘴巴
2,null,3,4,披着
2,null,3,4,露着
2,null,3,4,肚皮
2,null,3,4,孩子们
2,null,3,4,已经
2,null,3,5,号
2,null,3,5,束
2,null,3,5,电脑
2,null,3,5,电脑展
2,null,3,5,玩具展
2,null,3,5,旅游
2,null,3,5,旅游展
2,null,3,5,美食
2,null,3,5,美食展
2,null,3,5,食物
2,null,3,5,画展
2,null,3,5,书展
2,null,3,5,书法展
2,null,3,5,车展
2,null,3,5,花展
2,null,3,5,园艺
2,null,3,5,园艺展
2,null,3,5,展览
2,null,3,5,多彩
2,null,3,5,傍晚
2,null,3,5,或者
2,null,3,5,电脑课
2,null,3,5,演艺课
2,null,3,5,报纸
2,null,3,5,杂志
2,null,3,5,刚刚
2,null,3,5,付钱
2,null,3,5,鲜花
2,null,3,5,扫地
2,null,3,5,提着
2,null,3,5,收到
2,null,3,5,知道
2,null,3,5,准备
2,null,3,5,都是
2,null,3,6,软
2,null,3,6,硬
2,null,3,6,松
2,null,3,6,紧
2,null,3,6,扔
2,null,3,6,推
2,null,3,6,爬
2,null,3,6,扶
2,null,3,6,失去
2,null,3,6,错误
2,null,3,6,应该
2,null,3,6,原谅
2,null,3,6,弄破
2,null,3,6,没关系
2,null,3,6,突然
2,null,3,6,来不及
2,null,3,6,怎么
2,null,3,6,不理
2,null,3,6,比赛
2,null,3,6,跌倒
2,null,3,6,受伤
2,null,3,6,立刻
2,null,3,6,不好意思
2,null,3,6,谢谢
2,null,3,7,留
2,null,3,7,张
2,null,3,7,病
2,null,3,7,打碎
2,null,3,7,赔钱
2,null,3,7,便条
2,null,3,7,方便
2,null,3,7,花盆
2,null,3,7,道歉
2,null,3,7,食堂
2,null,3,7,溜走
2,null,3,7,踩断
2,null,3,7,眼镜
2,null,3,7,休息
2,null,3,7,电视
2,null,3,7,脱鞋
2,null,3,7,轻轻地
2,null,3,7,走路
2,null,3,7,事情
2,null,3,7,轻手轻脚
2,null,3,7,搬动
2,null,3,7,地板
2,null,3,7,灵机一动
2,null,3,8,洞
2,null,3,8,吊
2,null,3,8,挂
2,null,3,8,让
2,null,3,8,晒
2,null,3,8,歪
2,null,3,8,乱
2,null,3,8,累
2,null,3,8,需要
2,null,3,8,贺卡
2,null,3,8,部分
2,null,3,8,全部
2,null,3,8,接着
2,null,3,8,涂上
2,null,3,8,穿过去
2,null,3,8,然后
2,null,3,8,阳台
2,null,3,8,灯笼
2,null,3,8,客厅
2,null,3,8,裙子
2,null,3,8,裤子
2,null,3,8,裤管
2,null,3,8,裤脚
2,null,3,8,衣服
2,null,3,8,开始
2,null,3,8,请求
2,null,3,8,比较
2,null,3,8,又长又重
2,null,3,8,手忙脚乱
2,null,3,8,满头大汗
2,null,3,8,乱塞
2,null,3,9,熊
2,null,3,9,坑
2,null,3,9,河
2,null,3,9,救
2,null,3,9,猴
2,null,3,9,满
2,null,3,9,升
2,null,3,9,像
2,null,3,9,谁
2,null,3,9,拉
2,null,3,9,夸
2,null,3,9,倒进
2,null,3,9,倒水
2,null,3,9,鼻子
2,null,3,9,竹竿
2,null,3,9,篮子
2,null,3,9,喷水
2,null,3,9,大官
2,null,3,9,官员
2,null,3,9,回答
2,null,3,9,下沉
2,null,3,9,最后
2,null,3,9,重量
2,null,3,9,神童
2,null,3,9,称一称
2,null,3,9,一面墙
2,null,9,1,当
2,null,9,1,篇
2,null,9,1,做
2,null,9,1,交
2,null,9,1,件
2,null,9,1,翻
2,null,9,1,读
2,null,9,1,遍
2,null,9,1,龙争虎斗
2,null,9,1,你追我赶
2,null,9,1,马到成功
2,null,9,1,科学
2,null,9,1,科学家
2,null,9,1,将来
2,null,9,1,司机
2,null,9,1,希望
2,null,9,1,成为
2,null,9,1,军人
2,null,9,1,保卫
2,null,9,1,练习
2,null,9,1,努力
2,null,9,1,愿望
2,null,9,1,实现
2,null,9,1,课文
2,null,9,1,复习
2,null,9,1,功课
2,null,9,1,举手
2,null,9,2,陈
2,null,9,2,双
2,null,9,2,胡
2,null,9,2,李
2,null,9,2,吴
2,null,9,2,姓
2,null,9,2,名
2,null,9,2,胖
2,null,9,2,瘦
2,null,9,2,矮
2,null,9,2,懂事
2,null,9,2,聪明
2,null,9,2,意思
2,null,9,2,姑妈
2,null,9,2,卷卷的
2,null,9,2,因为
2,null,9,2,语言
2,null,9,2,华语
2,null,9,2,英语
2,null,9,2,马来语
2,null,9,2,法语
2,null,9,2,谈天
2,null,9,2,奇怪
2,null,9,2,问题
2,null,9,2,后退
2,null,9,2,相信
2,null,9,2,一定
2,null,9,2,梦想成真
2,null,9,3,装
2,null,9,3,辆
2,null,9,3,弹
2,null,9,3,响
2,null,9,3,陪伴
2,null,9,3,蓝色
2,null,9,3,床单
2,null,9,3,起床
2,null,9,3,超人
2,null,9,3,按钮
2,null,9,3,盖子
2,null,9,3,吸管
2,null,9,3,闹钟
2,null,9,3,伙伴
2,null,9,3,背着
2,null,9,3,手表
2,null,9,3,表姐
2,null,9,3,表盖
2,null,9,3,粉红
2,null,9,3,颜色
2,null,9,3,形状
2,null,9,3,睡觉
2,null,9,3,准时
2,null,9,3,改掉
2,null,9,3,迟到
2,null,9,3,习惯
2,null,9,3,名字
2,null,9,3,名单
2,null,9,4,内
2,null,9,4,入
2,null,9,4,由
2,null,9,4,浅
2,null,9,4,深
2,null,9,4,窄
2,null,9,4,宽
2,null,9,4,短
2,null,9,4,细
2,null,9,4,根
2,null,9,4,死
2,null,9,4,条
2,null,9,4,着
2,null,9,4,喊
2,null,9,4,绿豆
2,null,9,4,变化
2,null,9,4,越来越……
2,null,9,4,幼苗
2,null,9,4,摆动
2,null,9,4,尾巴
2,null,9,4,阿姨
2,null,9,4,后腿
2,null,9,4,前腿
2,null,9,4,哪里
2,null,9,4,嘴巴
2,null,9,4,衣服
2,null,9,4,披着
2,null,9,4,露着
2,null,9,4,肚皮
2,null,9,5,号
2,null,9,5,束
2,null,9,5,电脑
2,null,9,5,电脑展
2,null,9,5,玩具展
2,null,9,5,旅游
2,null,9,5,旅游展
2,null,9,5,美食
2,null,9,5,美食展
2,null,9,5,食物
2,null,9,5,画展
2,null,9,5,书展
2,null,9,5,书法展
2,null,9,5,车展
2,null,9,5,花展
2,null,9,5,园艺
2,null,9,5,园艺展
2,null,9,5,展览
2,null,9,5,多彩
2,null,9,5,傍晚
2,null,9,5,脚踏车
2,null,9,5,或者
2,null,9,5,电脑课
2,null,9,5,演艺课
2,null,9,5,报纸
2,null,9,5,杂志
2,null,9,5,特别
2,null,9,5,刚刚
2,null,9,5,附近
2,null,9,5,付钱
2,null,9,5,鲜花
2,null,9,5,事情
2,null,9,5,提着
2,null,9,5,准备
2,null,9,6,软
2,null,9,6,硬
2,null,9,6,松
2,null,9,6,紧
2,null,9,6,扔
2,null,9,6,推
2,null,9,6,像
2,null,9,6,谁
2,null,9,6,扶
2,null,9,6,失去
2,null,9,6,错误
2,null,9,6,撞倒
2,null,9,6,原谅
2,null,9,6,弄破
2,null,9,6,没关系
2,null,9,6,突然
2,null,9,6,来不及
2,null,9,6,不理
2,null,9,6,比赛
2,null,9,6,跌倒
2,null,9,6,受伤
2,null,9,6,立刻
2,null,9,6,谢谢
2,null,9,7,留
2,null,9,7,张
2,null,9,7,病
2,null,9,7,打碎
2,null,9,7,赔钱
2,null,9,7,便条
2,null,9,7,方便
2,null,9,7,花盆
2,null,9,7,道歉
2,null,9,7,食堂
2,null,9,7,溜走
2,null,9,7,踩断
2,null,9,7,眼镜
2,null,9,7,休息
2,null,9,7,电视
2,null,9,7,脱鞋
2,null,9,7,轻轻地
2,null,9,7,走路
2,null,9,7,轻手轻脚
2,null,9,7,搬动
2,null,9,7,碰到
2,null,9,7,地板
2,null,9,7,灵机一动
2,null,9,8,洞
2,null,9,8,吊
2,null,9,8,挂
2,null,9,8,让
2,null,9,8,晒
2,null,9,8,歪
2,null,9,8,乱
2,null,9,8,累
2,null,9,8,需要
2,null,9,8,硬纸板
2,null,9,8,贺卡
2,null,9,8,部分
2,null,9,8,全部
2,null,9,8,接着
2,null,9,8,涂上
2,null,9,8,穿过去
2,null,9,8,然后
2,null,9,8,阳台
2,null,9,8,灯笼
2,null,9,8,客厅
2,null,9,8,裙子
2,null,9,8,裤子
2,null,9,8,裤管
2,null,9,8,裤脚
2,null,9,8,开始
2,null,9,8,整齐
2,null,9,8,整整齐齐
2,null,9,8,请求
2,null,9,8,比较
2,null,9,8,手忙脚乱
2,null,9,8,满头大汗
2,null,9,8,乱塞
2,null,9,9,熊
2,null,9,9,坑
2,null,9,9,伸
2,null,9,9,河
2,null,9,9,救
2,null,9,9,猴
2,null,9,9,满
2,null,9,9,升
2,null,9,9,拉
2,null,9,9,船
2,null,9,9,夸
2,null,9,9,鼻子
2,null,9,9,竹竿
2,null,9,9,篮子
2,null,9,9,喷水
2,null,9,9,不停
2,null,9,9,大官
2,null,9,9,官员
2,null,9,9,问题
2,null,9,9,回答
2,null,9,9,下沉
2,null,9,9,重量
2,null,9,9,神童
2,null,9,9,称一称
2,null,9,9,一面墙
2,null,12,6,足智多谋
2,null,5,7,光阴似箭
2,null,10,9,指着
2,null,10,9,炸鸡
2,null,11,10,丰盛
1,1,3,10,垃
1,1,3,10,圾
1,1,3,10,蚊
1,1,3,10,鸦
1,1,3,10,随
1,1,3,10,痰
1,1,3,10,环
1,1,3,10,境
1,1,3,10,厨
1,1,3,10,脏
1,1,3,10,橱
1,1,3,10,仔
1,1,3,10,招
1,1,3,10,决
1,1,3,10,惊
1,1,3,10,缩
1,1,3,11,袋
1,1,3,11,代
1,1,3,11,替
1,1,3,11,塑
1,1,3,11,刹
1,1,3,11,使
1,1,3,11,废
1,1,3,11,瓶
1,1,3,11,并
1,1,3,11,洋
1,1,3,11,品
1,1,3,11,责
1,1,3,11,任
1,1,3,11,如
1,1,3,11,尽
1,1,3,11,份
1,1,3,12,设
1,1,3,12,计
1,1,3,12,旗
1,1,3,12,颗
1,1,3,12,世
1,1,3,12,界
1,1,3,12,族
1,1,3,12,印
1,1,3,12,度
1,1,3,12,夹
1,1,3,12,其
1,1,3,12,竖
1,1,3,12,拇
1,1,3,12,谜
1,1,3,12,团
1,1,3,12,奋
1,1,3,13,养
1,1,3,13,虾
1,1,3,13,湖
1,1,3,13,狐
1,1,3,13,狸
1,1,3,13,狼
1,1,3,13,猩
1,1,3,13,沿
1,1,3,13,滩
1,1,3,13,封
1,1,3,13,必
1,1,3,13,须
1,1,3,13,论
1,1,3,13,领
1,1,3,13,务
1,1,3,13,虽
1,1,3,13,仍
1,1,3,14,假
1,1,3,14,强
1,1,3,14,弱
1,1,3,14,吞
1,1,3,14,慢
1,1,3,14,懒
1,1,3,14,咸
1,1,3,14,淡
1,1,3,14,滑
1,1,3,14,灰
1,1,3,14,散
1,1,3,14,耍
1,1,3,14,笨
1,1,3,14,滚
1,1,3,14,咬
1,1,3,14,够
1,1,3,14,躺
1,1,3,15,偷
1,1,3,15,吓
1,1,3,15,逃
1,1,3,15,痛
1,1,3,15,冒
1,1,3,15,抖
1,1,3,15,敢
1,1,3,15,钻
1,1,3,15,怀
1,1,3,15,朱
1,1,3,15,简
1,1,3,15,漫
1,1,3,15,忍
1,1,3,15,哈
1,1,3,15,哎
1,1,3,15,呀
1,1,3,16,无
1,1,3,16,终
1,1,3,16,蛇
1,1,3,16,途
1,1,3,16,勤
1,1,3,16,俩
1,1,3,16,轮
1,1,3,16,钓
1,1,3,16,数
1,1,3,16,却
1,1,3,16,念
1,1,3,16,传
1,1,3,16,感
1,1,3,16,抬
1,1,3,16,于
1,1,3,17,农
1,1,3,17,夫
1,1,3,17,劳
1,1,3,17,渔
1,1,3,17,仙
1,1,3,17,捞
1,1,3,17,精
1,1,3,17,铁
1,1,3,17,银
1,1,3,17,牌
1,1,3,17,签
1,1,3,17,万
1,1,3,17,千
1,1,3,17,减
1,1,3,17,算
1,1,3,17,检
1,1,3,17,查
1,2,3,10,扔
1,2,3,10,垃
1,2,3,10,圾
1,2,3,10,拾
1,2,3,10,保
1,2,3,10,护
1,2,3,10,脏
1,2,3,10,啊
1,2,3,10,亮
1,2,3,10,惊
1,2,3,10,能
1,2,3,10,伸
1,2,3,10,追
1,2,3,10,得
1,2,3,11,环
1,2,3,11,袋
1,2,3,11,组
1,2,3,11,屋
1,2,3,11,停
1,2,3,11,场
1,2,3,11,辆
1,2,3,11,直
1,2,3,11,所
1,2,3,11,纸
1,2,3,11,品
1,2,3,11,吧
1,2,3,11,认
1,2,3,11,如
1,2,3,12,晶
1,2,3,12,新
1,2,3,12,加
1,2,3,12,坡
1,2,3,12,国
1,2,3,12,旗
1,2,3,12,华
1,2,3,12,庆
1,2,3,12,礼
1,2,3,12,颗
1,2,3,12,唱
1,2,3,12,歌
1,2,3,12,呢
1,2,3,12,奋
1,2,3,13,养
1,2,3,13,虾
1,2,3,13,森
1,2,3,13,桥
1,2,3,13,沿
1,2,3,13,沙
1,2,3,13,滩
1,2,3,13,棵
1,2,3,13,图
1,2,3,13,指
1,2,3,13,急
1,2,3,13,漂
1,2,3,13,虽
1,2,3,13,但
1,2,3,14,假
1,2,3,14,慢
1,2,3,14,苦
1,2,3,14,眼
1,2,3,14,睛
1,2,3,14,灰
1,2,3,14,饿
1,2,3,14,饱
1,2,3,14,胖
1,2,3,14,尾
1,2,3,14,圆
1,2,3,14,咬
1,2,3,14,躺
1,2,3,15,室
1,2,3,15,吓
1,2,3,15,掉
1,2,3,15,痛
1,2,3,15,冷
1,2,3,15,敢
1,2,3,15,班
1,2,3,15,练
1,2,3,15,简
1,2,3,15,单
1,2,3,15,桌
1,2,3,15,肚
1,2,3,15,哈
1,2,3,15,闹
1,2,3,16,虎
1,2,3,16,蛇
1,2,3,16,俩
1,2,3,16,泡
1,2,3,16,结
1,2,3,16,数
1,2,3,16,题
1,2,3,16,却
1,2,3,16,识
1,2,3,16,别
1,2,3,16,低
1,2,3,16,抬
1,2,3,16,终
1,2,3,16,于
1,2,3,17,捞
1,2,3,17,摘
1,2,3,17,失
1,2,3,17,金
1,2,3,17,银
1,2,3,17,等
1,2,3,17,万
1,2,3,17,千
1,2,3,17,立
1,2,3,17,刻
1,2,3,17,检
1,2,3,17,查
1,2,3,17,决
1,1,9,10,垃
1,1,9,10,圾
1,1,9,10,蚊
1,1,9,10,鸦
1,1,9,10,随
1,1,9,10,痰
1,1,9,10,环
1,1,9,10,境
1,1,9,10,厨
1,1,9,10,脏
1,1,9,10,橱
1,1,9,10,仔
1,1,9,10,招
1,1,9,10,决
1,1,9,10,惊
1,1,9,10,缩
1,1,9,11,袋
1,1,9,11,代
1,1,9,11,替
1,1,9,11,塑
1,1,9,11,刹
1,1,9,11,使
1,1,9,11,废
1,1,9,11,瓶
1,1,9,11,并
1,1,9,11,洋
1,1,9,11,品
1,1,9,11,责
1,1,9,11,任
1,1,9,11,如
1,1,9,11,尽
1,1,9,11,份
1,1,9,12,设
1,1,9,12,计
1,1,9,12,旗
1,1,9,12,颗
1,1,9,12,世
1,1,9,12,界
1,1,9,12,族
1,1,9,12,印
1,1,9,12,度
1,1,9,12,夹
1,1,9,12,其
1,1,9,12,竖
1,1,9,12,拇
1,1,9,12,谜
1,1,9,12,团
1,1,9,12,奋
1,1,9,13,养
1,1,9,13,虾
1,1,9,13,湖
1,1,9,13,狐
1,1,9,13,狸
1,1,9,13,狼
1,1,9,13,猩
1,1,9,13,沿
1,1,9,13,滩
1,1,9,13,封
1,1,9,13,必
1,1,9,13,须
1,1,9,13,论
1,1,9,13,领
1,1,9,13,务
1,1,9,13,虽
1,1,9,13,仍
1,1,9,14,假
1,1,9,14,强
1,1,9,14,弱
1,1,9,14,吞
1,1,9,14,慢
1,1,9,14,懒
1,1,9,14,咸
1,1,9,14,淡
1,1,9,14,滑
1,1,9,14,灰
1,1,9,14,散
1,1,9,14,耍
1,1,9,14,笨
1,1,9,14,滚
1,1,9,14,咬
1,1,9,14,够
1,1,9,14,躺
1,1,9,15,偷
1,1,9,15,吓
1,1,9,15,逃
1,1,9,15,痛
1,1,9,15,冒
1,1,9,15,抖
1,1,9,15,敢
1,1,9,15,钻
1,1,9,15,怀
1,1,9,15,朱
1,1,9,15,简
1,1,9,15,漫
1,1,9,15,忍
1,1,9,15,哈
1,1,9,15,哎
1,1,9,15,呀
1,1,9,16,无
1,1,9,16,终
1,1,9,16,蛇
1,1,9,16,途
1,1,9,16,勤
1,1,9,16,俩
1,1,9,16,轮
1,1,9,16,钓
1,1,9,16,数
1,1,9,16,却
1,1,9,16,念
1,1,9,16,传
1,1,9,16,感
1,1,9,16,抬
1,1,9,16,于
1,1,9,17,农
1,1,9,17,夫
1,1,9,17,劳
1,1,9,17,渔
1,1,9,17,仙
1,1,9,17,捞
1,1,9,17,精
1,1,9,17,铁
1,1,9,17,银
1,1,9,17,牌
1,1,9,17,签
1,1,9,17,万
1,1,9,17,千
1,1,9,17,减
1,1,9,17,算
1,1,9,17,检
1,1,9,17,查
1,2,9,10,扔
1,2,9,10,垃
1,2,9,10,圾
1,2,9,10,保
1,2,9,10,持
1,2,9,10,卫
1,2,9,10,护
1,2,9,10,脏
1,2,9,10,周
1,2,9,10,末
1,2,9,10,仔
1,2,9,10,啊
1,2,9,10,决
1,2,9,10,惊
1,2,9,10,转
1,2,9,10,怎
1,2,9,10,追
1,2,9,11,环
1,2,9,11,袋
1,2,9,11,装
1,2,9,11,报
1,2,9,11,组
1,2,9,11,屋
1,2,9,11,场
1,2,9,11,辆
1,2,9,11,浪
1,2,9,11,费
1,2,9,11,所
1,2,9,11,品
1,2,9,11,认
1,2,9,11,如
1,2,9,11,尽
1,2,9,11,份
1,2,9,12,晶
1,2,9,12,狮
1,2,9,12,虎
1,2,9,12,旗
1,2,9,12,世
1,2,9,12,界
1,2,9,12,华
1,2,9,12,庆
1,2,9,12,指
1,2,9,12,弯
1,2,9,12,颗
1,2,9,12,座
1,2,9,12,唱
1,2,9,12,歌
1,2,9,12,贴
1,2,9,12,奋
1,2,9,13,养
1,2,9,13,虾
1,2,9,13,森
1,2,9,13,洞
1,2,9,13,桥
1,2,9,13,沿
1,2,9,13,沙
1,2,9,13,滩
1,2,9,13,拍
1,2,9,13,照
1,2,9,13,讨
1,2,9,13,论
1,2,9,13,漂
1,2,9,13,虽
1,2,9,13,但
1,2,9,13,仍
1,2,9,14,假
1,2,9,14,硬
1,2,9,14,软
1,2,9,14,慢
1,2,9,14,苦
1,2,9,14,灰
1,2,9,14,嘴
1,2,9,14,饿
1,2,9,14,饱
1,2,9,14,熊
1,2,9,14,笨
1,2,9,14,滚
1,2,9,14,咬
1,2,9,14,趣
1,2,9,14,懒
1,2,9,14,躺
1,2,9,15,偷
1,2,9,15,室
1,2,9,15,吓
1,2,9,15,逃
1,2,9,15,痛
1,2,9,15,冒
1,2,9,15,抖
1,2,9,15,敢
1,2,9,15,班
1,2,9,15,简
1,2,9,15,单
1,2,9,15,漫
1,2,9,15,忍
1,2,9,15,哈
1,2,9,15,挖
1,2,9,15,钻
1,2,9,16,蛇
1,2,9,16,俩
1,2,9,16,舞
1,2,9,16,泡
1,2,9,16,结
1,2,9,16,数
1,2,9,16,圈
1,2,9,16,却
1,2,9,16,识
1,2,9,16,代
1,2,9,16,替
1,2,9,16,低
1,2,9,16,抬
1,2,9,16,终
1,2,9,16,于
1,2,9,17,捞
1,2,9,17,摘
1,2,9,17,失
1,2,9,17,金
1,2,9,17,银
1,2,9,17,试
1,2,9,17,消
1,2,9,17,等
1,2,9,17,案
1,2,9,17,万
1,2,9,17,千
1,2,9,17,减
1,2,9,17,刻
1,2,9,17,检
1,2,9,17,查
1,2,9,17,感
2,null,3,10,扔
2,null,3,10,脏
2,null,3,10,啊
2,null,3,10,缩
2,null,3,10,追
2,null,3,10,垃圾
2,null,3,10,蚊子
2,null,3,10,收拾
2,null,3,10,乌鸦
2,null,3,10,随地
2,null,3,10,吐痰
2,null,3,10,保持
2,null,3,10,爱护
2,null,3,10,环境
2,null,3,10,厨房
2,null,3,10,衣橱
2,null,3,10,仔细
2,null,3,10,漂亮
2,null,3,10,招手
2,null,3,10,决定
2,null,3,10,吃惊
2,null,3,10,不能
2,null,3,10,伸出
2,null,3,10,觉得
2,null,3,11,辆
2,null,3,11,吧
2,null,3,11,尽
2,null,3,11,环保袋
2,null,3,11,代替
2,null,3,11,塑料袋
2,null,3,11,巴刹
2,null,3,11,环境
2,null,3,11,使用
2,null,3,11,废物利用
2,null,3,11,瓶子
2,null,3,11,变废为宝
2,null,3,11,组屋
2,null,3,11,停车场
2,null,3,11,并排
2,null,3,11,环保
2,null,3,11,一直
2,null,3,11,海洋
2,null,3,11,所以
2,null,3,11,纸盒
2,null,3,11,废纸
2,null,3,11,日用品
2,null,3,11,认为
2,null,3,11,责任
2,null,3,11,如果
2,null,3,12,呢
2,null,3,12,颗
2,null,3,12,设计
2,null,3,12,亮晶晶
2,null,3,12,新加坡
2,null,3,12,国旗
2,null,3,12,世界
2,null,3,12,种族
2,null,3,12,多元种族
2,null,3,12,华人
2,null,3,12,印度人
2,null,3,12,文件夹
2,null,3,12,国庆日
2,null,3,12,礼物
2,null,3,12,其中
2,null,3,12,国歌
2,null,3,12,竖起
2,null,3,12,大拇指
2,null,3,12,谜语
2,null,3,12,合唱团
2,null,3,12,兴奋
2,null,3,13,养
2,null,3,13,虾
2,null,3,13,湖
2,null,3,13,狼
2,null,3,13,桥
2,null,3,13,棵
2,null,3,13,森林
2,null,3,13,狐狸
2,null,3,13,小桥
2,null,3,13,猩猩
2,null,3,13,沿着
2,null,3,13,沙滩
2,null,3,13,信封
2,null,3,13,地图
2,null,3,13,必须
2,null,3,13,指定
2,null,3,13,讨论
2,null,3,13,指着
2,null,3,13,带领
2,null,3,13,任务
2,null,3,13,急忙
2,null,3,13,漂亮
2,null,3,13,虽然
2,null,3,13,但是
2,null,3,13,仍然
2,null,3,14,假
2,null,3,14,强
2,null,3,14,弱
2,null,3,14,吞
2,null,3,14,慢
2,null,3,14,懒
2,null,3,14,苦
2,null,3,14,咸
2,null,3,14,淡
2,null,3,14,饿
2,null,3,14,饱
2,null,3,14,够
2,null,3,14,躺
2,null,3,14,滑滑的
2,null,3,14,眼睛
2,null,3,14,灰色
2,null,3,14,散步
2,null,3,14,胖胖的
2,null,3,14,尾巴
2,null,3,14,圆圆的
2,null,3,14,玩耍
2,null,3,14,笨重
2,null,3,14,打滚
2,null,3,14,滚来滚去
2,null,3,14,咬断
2,null,3,14,圆滚滚
2,null,3,14,懒洋洋
2,null,3,15,吓
2,null,3,15,掉
2,null,3,15,痛
2,null,3,15,怀
2,null,3,15,朱
2,null,3,15,桌
2,null,3,15,钻
2,null,3,15,小偷
2,null,3,15,课室
2,null,3,15,冒出
2,null,3,15,冷汗
2,null,3,15,发抖
2,null,3,15,不敢
2,null,3,15,写字班
2,null,3,15,练习
2,null,3,15,简单
2,null,3,15,偷偷地
2,null,3,15,漫画
2,null,3,15,忍不住
2,null,3,15,肚皮
2,null,3,15,哈哈大笑
2,null,3,15,哎呀
2,null,3,15,闹笑话
2,null,3,15,逃走
2,null,3,16,俩
2,null,3,16,题
2,null,3,16,却
2,null,3,16,念
2,null,3,16,传
2,null,3,16,抬
2,null,3,16,有始无终
2,null,3,16,虎头蛇尾
2,null,3,16,半途而废
2,null,3,16,勤学苦练
2,null,3,16,泡泡
2,null,3,16,溜滑轮
2,null,3,16,钓鱼
2,null,3,16,数学
2,null,3,16,结果
2,null,3,16,认识
2,null,3,16,感到
2,null,3,16,终于
2,null,3,16,别人
2,null,3,16,低下
2,null,3,17,摘
2,null,3,17,铁
2,null,3,17,等
2,null,3,17,减
2,null,3,17,农夫
2,null,3,17,劳动
2,null,3,17,渔夫
2,null,3,17,神仙
2,null,3,17,捞出
2,null,3,17,精灵
2,null,3,17,失去
2,null,3,17,银牌
2,null,3,17,金牌
2,null,3,17,签名
2,null,3,17,一万
2,null,3,17,一千
2,null,3,17,算一算
2,null,3,17,立刻
2,null,3,17,检查
2,null,3,17,决定
2,null,9,10,扔
2,null,9,10,脏
2,null,9,10,啊
2,null,9,10,缩
2,null,9,10,追
2,null,9,10,垃圾
2,null,9,10,蚊子
2,null,9,10,乌鸦
2,null,9,10,随地
2,null,9,10,吐痰
2,null,9,10,保持
2,null,9,10,卫生
2,null,9,10,爱护
2,null,9,10,环境
2,null,9,10,厨房
2,null,9,10,衣橱
2,null,9,10,周末
2,null,9,10,仔细
2,null,9,10,招手
2,null,9,10,决定
2,null,9,10,吃惊
2,null,9,10,转身
2,null,9,10,怎么
2,null,9,11,装
2,null,9,11,辆
2,null,9,11,尽
2,null,9,11,环保袋
2,null,9,11,代替
2,null,9,11,塑料袋
2,null,9,11,巴刹
2,null,9,11,环境
2,null,9,11,使用
2,null,9,11,报纸
2,null,9,11,废物利用
2,null,9,11,瓶子
2,null,9,11,变废为宝
2,null,9,11,组屋
2,null,9,11,停车场
2,null,9,11,并排
2,null,9,11,环保
2,null,9,11,浪费
2,null,9,11,海洋
2,null,9,11,所以
2,null,9,11,日用品
2,null,9,11,认为
2,null,9,11,责任
2,null,9,11,如果
2,null,9,11,一份
2,null,9,12,颗
2,null,9,12,设计
2,null,9,12,贴
2,null,9,12,亮晶晶
2,null,9,12,狮子
2,null,9,12,老虎
2,null,9,12,国旗
2,null,9,12,世界
2,null,9,12,种族
2,null,9,12,多元种族
2,null,9,12,华人
2,null,9,12,印度人
2,null,9,12,文件夹
2,null,9,12,国庆日
2,null,9,12,指着
2,null,9,12,弯弯的
2,null,9,12,其中
2,null,9,12,一座
2,null,9,12,国歌
2,null,9,12,竖起
2,null,9,12,大拇指
2,null,9,12,谜语
2,null,9,12,合唱团
2,null,9,12,兴奋
2,null,9,12,鱼尾狮
2,null,9,13,养
2,null,9,13,虾
2,null,9,13,湖
2,null,9,13,狼
2,null,9,13,桥
2,null,9,13,森林
2,null,9,13,狐狸
2,null,9,13,山洞
2,null,9,13,小桥
2,null,9,13,猩猩
2,null,9,13,沿着
2,null,9,13,沙滩
2,null,9,13,信封
2,null,9,13,必须
2,null,9,13,照片
2,null,9,13,讨论
2,null,9,13,带领
2,null,9,13,任务
2,null,9,13,漂亮
2,null,9,13,拍照
2,null,9,13,虽然
2,null,9,13,但是
2,null,9,13,仍然
2,null,9,14,假
2,null,9,14,硬
2,null,9,14,软
2,null,9,14,强
2,null,9,14,弱
2,null,9,14,吞
2,null,9,14,慢
2,null,9,14,懒
2,null,9,14,苦
2,null,9,14,咸
2,null,9,14,淡
2,null,9,14,饿
2,null,9,14,饱
2,null,9,14,嘴
2,null,9,14,够
2,null,9,14,躺
2,null,9,14,滑滑的
2,null,9,14,灰色
2,null,9,14,散步
2,null,9,14,大熊猫
2,null,9,14,玩耍
2,null,9,14,笨重
2,null,9,14,打滚
2,null,9,14,滚来滚去
2,null,9,14,咬断
2,null,9,14,圆滚滚
2,null,9,14,懒洋洋
2,null,9,14,有趣
2,null,9,14,慢吞吞
2,null,9,15,吓
2,null,9,15,痛
2,null,9,15,怀
2,null,9,15,朱
2,null,9,15,挖
2,null,9,15,钻
2,null,9,15,小偷
2,null,9,15,课室
2,null,9,15,冒出
2,null,9,15,发抖
2,null,9,15,不敢
2,null,9,15,钻进
2,null,9,15,写字班
2,null,9,15,简单
2,null,9,15,偷偷地
2,null,9,15,漫画
2,null,9,15,忍不住
2,null,9,15,哈哈大笑
2,null,9,15,哎呀
2,null,9,15,逃走
2,null,9,16,俩
2,null,9,16,却
2,null,9,16,念
2,null,9,16,传
2,null,9,16,抬
2,null,9,16,有始无终
2,null,9,16,虎头蛇尾
2,null,9,16,半途而废
2,null,9,16,勤学苦练
2,null,9,16,跳舞
2,null,9,16,泡泡
2,null,9,16,溜滑轮
2,null,9,16,钓鱼
2,null,9,16,数学
2,null,9,16,结果
2,null,9,16,圆圈
2,null,9,16,认识
2,null,9,16,代替
2,null,9,16,感到
2,null,9,16,终于
2,null,9,16,低下
2,null,9,17,摘
2,null,9,17,铁
2,null,9,17,等
2,null,9,17,减
2,null,9,17,农夫
2,null,9,17,劳动
2,null,9,17,渔夫
2,null,9,17,神仙
2,null,9,17,捞出
2,null,9,17,精灵
2,null,9,17,失去
2,null,9,17,银牌
2,null,9,17,金牌
2,null,9,17,试卷
2,null,9,17,签名
2,null,9,17,消息
2,null,9,17,答案
2,null,9,17,一万
2,null,9,17,一千
2,null,9,17,算一算
2,null,9,17,立刻
2,null,9,17,检查
2,null,9,17,感到
2,null,3,11,一份
2,null,11,11,撕破
2,null,5,11,战斗机
2,null,5,11,兴高采烈
2,null,5,11,五彩缤纷
2,null,11,12,战斗机
2,null,11,12,五彩缤纷
2,null,5,12,甲骨文
2,null,5,12,繁体字
2,null,5,12,恍然大悟
2,null,11,13,甲骨文
2,null,11,13,繁体字
2,null,11,13,恍然大悟
2,null,3,14,慢吞吞
2,null,5,13,微微
2,null,5,13,实际上
2,null,5,13,培育
2,null,11,14,额头
2,null,11,14,委屈
2,null,11,14,温柔
2,null,11,14,凡是
2,null,11,14,恢复
2,null,5,14,幽默
2,null,5,14,悄悄
2,null,5,14,枯叶
2,null,5,14,扁扁的
2,null,11,15,悄悄
2,null,11,15,枯叶
